CustomerID,CustomerName,Region,SignupDate,TransactionID,ProductID,TransactionDate,Quantity,TotalValue,Price,Cluster
C0001,Lawrence Carroll,South America,2022-07-10,T00015,P054,2024-01-19 3:12:55,2,114.6,57.3,0
C0001,Lawrence Carroll,South America,2022-07-10,T00932,P022,2024-09-17 9:01:18,3,412.62,137.54,2
C0001,Lawrence Carroll,South America,2022-07-10,T00085,P096,2024-04-08 0:01:00,2,614.94,307.47,0
C0001,Lawrence Carroll,South America,2022-07-10,T00445,P083,2024-05-07 3:11:44,2,911.44,455.72,0
C0001,Lawrence Carroll,South America,2022-07-10,T00436,P029,2024-11-02 17:04:16,3,1300.92,433.64,1
C0002,Elizabeth Lutz,Asia,2022-02-13,T00155,P095,2024-07-12 10:18:13,2,454.52,227.26,3
C0002,Elizabeth Lutz,Asia,2022-02-13,T00129,P004,2024-06-11 23:59:08,4,382.76,95.69,5
C0002,Elizabeth Lutz,Asia,2022-02-13,T00148,P019,2024-02-28 7:44:21,2,770.74,385.37,3
C0002,Elizabeth Lutz,Asia,2022-02-13,T00675,P071,2024-12-03 1:41:41,2,254.72,127.36,3
C0003,Michael Rivera,South America,2024-03-07,T00462,P025,2024-06-03 19:17:36,3,853.86,284.62,1
C0003,Michael Rivera,South America,2024-03-07,T00143,P006,2024-06-16 5:24:04,3,363.96,121.32,2
C0003,Michael Rivera,South America,2024-03-07,T00812,P035,2024-02-18 2:50:37,4,122.36,30.59,2
C0003,Michael Rivera,South America,2024-03-07,T00648,P002,2024-08-24 18:54:04,4,1385.2,346.3,1
C0004,Kathleen Rodriguez,South America,2022-10-09,T00004,P049,2024-07-19 10:56:13,4,591.8,147.95,2
C0004,Kathleen Rodriguez,South America,2022-10-09,T00744,P053,2024-03-11 9:25:22,4,1099.76,274.94,1
C0004,Kathleen Rodriguez,South America,2022-10-09,T00251,P038,2024-08-03 6:21:11,3,441.66,147.22,2
C0004,Kathleen Rodriguez,South America,2022-10-09,T00456,P025,2024-12-12 3:38:36,2,569.24,284.62,0
C0004,Kathleen Rodriguez,South America,2022-10-09,T00534,P097,2024-06-25 22:10:47,3,958.02,319.34,1
C0004,Kathleen Rodriguez,South America,2022-10-09,T00847,P024,2024-10-24 16:28:30,1,338.66,338.66,0
C0004,Kathleen Rodriguez,South America,2022-10-09,T01000,P008,2024-02-28 10:16:35,2,293.7,146.85,0
C0004,Kathleen Rodriguez,South America,2022-10-09,T00379,P077,2024-12-23 14:13:52,4,1062.04,265.51,1
C0005,Laura Weber,Asia,2022-08-15,T00331,P025,2024-05-05 13:03:41,3,853.86,284.62,5
C0005,Laura Weber,Asia,2022-08-15,T00348,P039,2024-03-15 4:08:59,2,861.18,430.59,3
C0005,Laura Weber,Asia,2022-08-15,T00789,P012,2024-11-04 0:30:22,2,319.2,159.6,3
C0006,Brittany Palmer,South America,2024-01-07,T00019,P040,2024-06-05 1:19:28,2,306.38,153.19,0
C0006,Brittany Palmer,South America,2024-01-07,T00024,P084,2024-06-13 10:35:07,3,1013.73,337.91,1
C0006,Brittany Palmer,South America,2024-01-07,T00813,P086,2024-10-07 4:07:35,3,1322.1,440.7,1
C0006,Brittany Palmer,South America,2024-01-07,T00259,P020,2024-01-25 9:29:44,4,1585.36,396.34,1
C0007,Paul Graves,Asia,2022-06-18,T00718,P050,2024-02-20 9:22:52,1,437.65,437.65,3
C0007,Paul Graves,Asia,2022-06-18,T00645,P096,2024-08-25 8:05:44,3,922.41,307.47,5
C0007,Paul Graves,Asia,2022-06-18,T00211,P093,2024-03-29 14:35:12,4,1219.76,304.94,5
C0008,David Li,North America,2024-01-13,T00536,P067,2024-09-22 6:13:59,1,300.68,300.68,6
C0008,David Li,North America,2024-01-13,T00644,P095,2024-06-13 9:13:19,1,227.26,227.26,6
C0008,David Li,North America,2024-01-13,T00863,P038,2024-11-08 20:46:29,1,147.22,147.22,6
C0008,David Li,North America,2024-01-13,T00425,P068,2024-08-01 14:20:03,1,447.23,447.23,6
C0008,David Li,North America,2024-01-13,T00815,P031,2024-03-26 20:30:49,2,392.8,196.4,6
C0008,David Li,North America,2024-01-13,T00101,P052,2024-09-16 22:10:13,4,1419.24,354.81,1
C0008,David Li,North America,2024-01-13,T00329,P035,2024-12-17 4:05:00,4,122.36,30.59,2
C0008,David Li,North America,2024-01-13,T00860,P004,2024-08-22 3:25:32,2,191.38,95.69,6
C0008,David Li,North America,2024-01-13,T00730,P094,2024-01-22 19:40:43,2,894.68,447.34,4
C0008,David Li,North America,2024-01-13,T00557,P026,2024-03-11 3:22:29,2,128.76,64.38,6
C0009,Joy Clark,Europe,2023-08-14,T00452,P060,2024-03-16 17:26:03,1,155.65,155.65,6
C0009,Joy Clark,Europe,2023-08-14,T00902,P050,2024-10-12 4:57:16,1,437.65,437.65,6
C0009,Joy Clark,Europe,2023-08-14,T00062,P059,2024-10-12 6:41:00,1,303.2,303.2,6
C0010,Aaron Cox,Europe,2022-12-15,T00136,P049,2024-02-22 18:44:05,2,295.9,147.95,6
C0010,Aaron Cox,Europe,2022-12-15,T00517,P036,2024-11-16 18:14:23,3,1117.65,372.55,5
C0010,Aaron Cox,Europe,2022-12-15,T00939,P081,2024-03-29 7:04:02,3,198.96,66.32,4
C0010,Aaron Cox,Europe,2022-12-15,T00901,P014,2024-05-12 11:53:53,4,105.04,26.26,2
C0011,Bryan Mathews,South America,2022-12-12,T00604,P030,2024-08-10 15:04:27,1,277.86,277.86,0
C0011,Bryan Mathews,South America,2022-12-12,T00341,P017,2024-12-26 3:09:48,2,939.54,469.77,0
C0011,Bryan Mathews,South America,2022-12-12,T00078,P089,2024-03-23 2:59:36,3,662.73,220.91,2
C0011,Bryan Mathews,South America,2022-12-12,T00822,P055,2024-05-08 18:21:34,3,385.59,128.53,2
C0011,Bryan Mathews,South America,2022-12-12,T00769,P046,2024-02-06 14:46:43,4,1464.28,366.07,1
C0012,Kevin May,South America,2024-08-07,T00158,P023,2024-05-30 3:34:49,2,909.06,454.53,0
C0012,Kevin May,South America,2024-08-07,T00721,P023,2024-12-08 9:46:41,3,1363.59,454.53,1
C0012,Kevin May,South America,2024-08-07,T00094,P041,2024-07-14 19:37:54,4,1825.12,456.28,1
C0012,Kevin May,South America,2024-08-07,T00023,P061,2024-06-18 10:55:39,4,627.84,156.96,2
C0012,Kevin May,South America,2024-08-07,T00686,P003,2024-05-12 12:53:40,4,176.48,44.12,2
C0012,Kevin May,South America,2024-08-07,T00537,P074,2024-12-25 8:03:34,1,295.58,295.58,0
C0012,Kevin May,South America,2024-08-07,T00353,P063,2024-10-22 21:55:48,1,33.59,33.59,0
C0013,Lauren Buchanan,South America,2024-05-19,T00659,P036,2024-11-03 5:30:39,3,1117.65,372.55,1
C0013,Lauren Buchanan,South America,2024-05-19,T00484,P042,2024-02-24 20:08:07,2,758.88,379.44,0
C0013,Lauren Buchanan,South America,2024-05-19,T00503,P017,2024-07-26 0:21:59,4,1879.08,469.77,1
C0013,Lauren Buchanan,South America,2024-05-19,T00599,P015,2024-08-15 20:46:42,1,158.93,158.93,0
C0013,Lauren Buchanan,South America,2024-05-19,T00671,P064,2024-08-23 9:19:16,1,452.42,452.42,0
C0013,Lauren Buchanan,South America,2024-05-19,T00627,P020,2024-05-06 23:15:01,4,1585.36,396.34,1
C0013,Lauren Buchanan,South America,2024-05-19,T00399,P056,2024-03-28 19:16:21,3,48.24,16.08,2
C0014,Deborah Wilcox,Europe,2024-06-22,T00524,P047,2024-01-17 18:31:55,2,318.66,159.33,6
C0015,Tina Duran,North America,2023-11-20,T00987,P032,2024-02-10 12:35:35,1,488.63,488.63,6
C0015,Tina Duran,North America,2023-11-20,T00798,P091,2024-09-21 1:39:03,3,668.85,222.95,4
C0016,Emily Woods,North America,2024-01-03,T00472,P039,2024-07-02 6:30:26,1,430.59,430.59,6
C0016,Emily Woods,North America,2024-01-03,T00700,P016,2024-08-15 10:18:31,1,330.05,330.05,6
C0016,Emily Woods,North America,2024-01-03,T00722,P018,2024-07-31 5:19:54,4,1747.56,436.89,1
C0016,Emily Woods,North America,2024-01-03,T00632,P083,2024-07-11 12:42:08,1,455.72,455.72,6
C0016,Emily Woods,North America,2024-01-03,T00827,P080,2024-11-10 18:24:04,3,910.5,303.5,4
C0017,Jennifer King,Europe,2023-12-05,T00605,P057,2023-12-31 3:27:43,4,958.8,239.7,5
C0017,Jennifer King,Europe,2023-12-05,T00355,P069,2024-01-12 20:20:37,2,201.62,100.81,6
C0017,Jennifer King,Europe,2023-12-05,T00685,P095,2024-05-11 17:59:31,2,454.52,227.26,4
C0017,Jennifer King,Europe,2023-12-05,T00854,P059,2024-07-14 10:29:11,1,303.2,303.2,6
C0017,Jennifer King,Europe,2023-12-05,T00067,P096,2024-03-31 19:29:30,2,614.94,307.47,4
C0017,Jennifer King,Europe,2023-12-05,T00921,P066,2024-12-01 22:55:38,4,1348.88,337.22,5
C0017,Jennifer King,Europe,2023-12-05,T00758,P001,2024-05-28 14:47:15,3,507.9,169.3,4
C0017,Jennifer King,Europe,2023-12-05,T00321,P006,2024-06-20 4:13:03,3,363.96,121.32,4
C0018,Tyler Haynes,North America,2024-09-21,T00551,P049,2024-02-23 13:28:08,3,443.85,147.95,2
C0018,Tyler Haynes,North America,2024-09-21,T00840,P061,2024-03-28 17:43:38,3,470.88,156.96,2
C0018,Tyler Haynes,North America,2024-09-21,T00647,P030,2024-08-03 19:15:23,4,1111.44,277.86,1
C0018,Tyler Haynes,North America,2024-09-21,T00275,P027,2024-02-17 18:50:52,4,916.24,229.06,1
C0018,Tyler Haynes,North America,2024-09-21,T00922,P037,2024-04-05 13:05:32,4,1839.44,459.86,1
C0019,Brandon Rodriguez,Europe,2023-01-12,T00423,P054,2024-11-08 10:22:51,3,171.9,57.3,4
C0019,Brandon Rodriguez,Europe,2023-01-12,T00326,P027,2024-06-14 11:41:17,3,687.18,229.06,4
C0019,Brandon Rodriguez,Europe,2023-01-12,T00088,P001,2024-01-30 17:23:03,2,338.6,169.3,6
C0019,Brandon Rodriguez,Europe,2023-01-12,T00507,P018,2024-05-28 0:57:27,1,436.89,436.89,6
C0019,Brandon Rodriguez,Europe,2023-01-12,T00841,P043,2024-07-01 13:07:47,1,404.4,404.4,6
C0019,Brandon Rodriguez,Europe,2023-01-12,T00219,P008,2024-08-22 23:44:44,1,146.85,146.85,6
C0020,Mr. Manuel Conway,North America,2024-06-11,T00350,P096,2024-01-30 0:57:29,3,922.41,307.47,4
C0021,Robert Blanchard,Asia,2023-04-17,T00504,P085,2024-04-05 3:20:25,1,416.35,416.35,3
C0021,Robert Blanchard,Asia,2023-04-17,T00069,P086,2024-01-13 0:48:20,4,1762.8,440.7,5
C0021,Robert Blanchard,Asia,2023-04-17,T00658,P025,2024-01-16 11:22:42,1,284.62,284.62,3
C0021,Robert Blanchard,Asia,2023-04-17,T00172,P072,2024-07-14 6:50:22,2,798.68,399.34,3
C0021,Robert Blanchard,Asia,2023-04-17,T00610,P096,2024-10-12 3:25:58,2,614.94,307.47,3
C0021,Robert Blanchard,Asia,2023-04-17,T00306,P065,2024-06-27 23:39:15,3,1282.83,427.61,5
C0021,Robert Blanchard,Asia,2023-04-17,T00413,P063,2024-01-24 18:23:07,3,100.77,33.59,3
C0021,Robert Blanchard,Asia,2023-04-17,T00801,P015,2024-02-06 3:27:17,1,158.93,158.93,3
C0022,Teresa Esparza,Asia,2023-10-27,T00531,P047,2024-07-10 7:04:02,1,159.33,159.33,3
C0022,Teresa Esparza,Asia,2023-10-27,T00404,P058,2024-09-17 15:12:23,2,315.24,157.62,3
C0022,Teresa Esparza,Asia,2023-10-27,T00284,P059,2024-01-15 7:06:38,4,1212.8,303.2,5
C0022,Teresa Esparza,Asia,2023-10-27,T00892,P065,2024-04-06 10:33:06,4,1710.44,427.61,5
C0022,Teresa Esparza,Asia,2023-10-27,T00757,P008,2024-09-03 3:11:42,2,293.7,146.85,3
C0022,Teresa Esparza,Asia,2023-10-27,T00947,P045,2024-08-11 12:13:35,2,963.56,481.78,3
C0023,Nicholas Cain,Europe,2022-03-04,T00597,P041,2024-07-01 4:53:47,3,1368.84,456.28,5
C0023,Nicholas Cain,Europe,2022-03-04,T00513,P032,2024-11-11 10:44:12,2,977.26,488.63,4
C0023,Nicholas Cain,Europe,2022-03-04,T00971,P017,2024-06-22 21:26:26,1,469.77,469.77,6
C0023,Nicholas Cain,Europe,2022-03-04,T00195,P066,2024-11-02 10:20:14,1,337.22,337.22,6
C0023,Nicholas Cain,Europe,2022-03-04,T00168,P083,2024-09-26 17:22:30,3,1367.16,455.72,5
C0023,Nicholas Cain,Europe,2022-03-04,T00451,P012,2024-10-04 20:44:00,4,638.4,159.6,5
C0024,Michele Cooley,North America,2024-02-05,T00602,P053,2024-04-26 11:26:53,1,274.94,274.94,6
C0024,Michele Cooley,North America,2024-02-05,T00674,P059,2024-04-14 1:19:59,3,909.6,303.2,4
C0024,Michele Cooley,North America,2024-02-05,T00998,P011,2024-06-19 17:52:26,2,522.4,261.2,4
C0024,Michele Cooley,North America,2024-02-05,T00314,P001,2024-09-24 17:15:16,4,677.2,169.3,2
C0024,Michele Cooley,North America,2024-02-05,T00999,P064,2024-02-24 12:09:53,1,452.42,452.42,6
C0024,Michele Cooley,North America,2024-02-05,T00689,P090,2024-05-30 0:00:01,2,330.6,165.3,6
C0024,Michele Cooley,North America,2024-02-05,T00992,P037,2024-04-21 10:52:24,1,459.86,459.86,6
C0025,Gregory Odom,South America,2022-07-04,T00434,P038,2024-05-09 3:14:51,4,588.88,147.22,2
C0025,Gregory Odom,South America,2022-07-04,T00509,P022,2024-08-13 22:51:21,1,137.54,137.54,0
C0025,Gregory Odom,South America,2022-07-04,T00608,P048,2024-06-13 22:53:33,2,832.8,416.4,0
C0025,Gregory Odom,South America,2022-07-04,T00765,P035,2024-01-31 19:48:04,1,30.59,30.59,0
C0026,Sara Miller,North America,2024-05-03,T00958,P084,2024-10-07 21:52:59,3,1013.73,337.91,4
C0026,Sara Miller,North America,2024-05-03,T00426,P092,2024-03-20 10:30:55,1,389.2,389.2,6
C0026,Sara Miller,North America,2024-05-03,T00787,P027,2024-06-04 0:03:44,4,916.24,229.06,1
C0026,Sara Miller,North America,2024-05-03,T00764,P096,2024-10-09 13:52:57,4,1229.88,307.47,1
C0027,Justin Heath,Asia,2022-11-09,T00993,P040,2024-03-08 9:48:14,2,306.38,153.19,3
C0027,Justin Heath,Asia,2022-11-09,T00025,P003,2024-10-11 21:32:34,4,176.48,44.12,3
C0027,Justin Heath,Asia,2022-11-09,T00705,P059,2024-06-08 7:23:21,4,1212.8,303.2,5
C0027,Justin Heath,Asia,2022-11-09,T00495,P029,2024-04-07 16:46:45,2,867.28,433.64,3
C0028,Jennifer Pena,Asia,2024-06-29,T00003,P057,2024-01-25 14:28:34,4,958.8,239.7,5
C0028,Jennifer Pena,Asia,2024-06-29,T00619,P057,2024-12-25 9:53:39,2,479.4,239.7,3
C0028,Jennifer Pena,Asia,2024-06-29,T00649,P062,2024-01-23 7:39:44,3,1122.48,374.16,5
C0028,Jennifer Pena,Asia,2024-06-29,T00330,P085,2024-05-15 10:49:01,3,1249.05,416.35,5
C0028,Jennifer Pena,Asia,2024-06-29,T00653,P031,2024-07-12 13:17:08,4,785.6,196.4,5
C0028,Jennifer Pena,Asia,2024-06-29,T00142,P080,2024-08-04 12:38:25,4,1214.0,303.5,5
C0028,Jennifer Pena,Asia,2024-06-29,T00171,P080,2024-09-19 3:29:48,1,303.5,303.5,3
C0028,Jennifer Pena,Asia,2024-06-29,T00756,P028,2024-02-15 4:29:17,3,706.74,235.58,3
C0029,Erin Manning,North America,2022-04-16,T00690,P036,2024-12-26 1:49:16,3,1117.65,372.55,1
C0029,Erin Manning,North America,2022-04-16,T00131,P059,2024-06-13 2:56:04,1,303.2,303.2,6
C0029,Erin Manning,North America,2022-04-16,T00277,P073,2024-10-01 17:22:05,4,107.96,26.99,2
C0029,Erin Manning,North America,2022-04-16,T00850,P055,2024-03-03 6:11:38,2,257.06,128.53,6
C0030,Mark Brock,North America,2024-01-30,T00429,P055,2024-12-15 1:23:26,3,385.59,128.53,2
C0030,Mark Brock,North America,2024-01-30,T00532,P033,2024-04-11 9:53:33,3,192.75,64.25,2
C0030,Mark Brock,North America,2024-01-30,T00419,P004,2024-07-12 13:34:04,3,287.07,95.69,2
C0030,Mark Brock,North America,2024-01-30,T00263,P020,2024-01-28 4:10:05,1,396.34,396.34,6
C0030,Mark Brock,North America,2024-01-30,T00183,P005,2024-08-24 1:19:18,3,1287.93,429.31,1
C0031,Tina Miller,South America,2024-04-11,T00630,P093,2024-10-08 23:58:14,2,609.88,304.94,0
C0031,Tina Miller,South America,2024-04-11,T00510,P033,2024-03-06 1:55:48,4,257.0,64.25,2
C0031,Tina Miller,South America,2024-04-11,T00402,P002,2024-11-24 17:22:38,2,692.6,346.3,0
C0031,Tina Miller,South America,2024-04-11,T00238,P091,2024-08-11 0:11:15,2,445.9,222.95,0
C0032,Dustin Campbell,South America,2024-04-17,T00187,P069,2024-02-24 9:30:35,1,100.81,100.81,0
C0032,Dustin Campbell,South America,2024-04-17,T00514,P042,2024-11-27 20:42:52,1,379.44,379.44,0
C0032,Dustin Campbell,South America,2024-04-17,T00755,P033,2024-07-12 8:20:42,3,192.75,64.25,2
C0033,Tyler Holt,North America,2024-08-04,T00715,P081,2024-07-05 23:41:15,2,132.64,66.32,6
C0034,Dalton Perez,North America,2023-09-27,T00488,P087,2024-10-21 12:47:53,2,580.34,290.17,4
C0034,Dalton Perez,North America,2023-09-27,T00453,P027,2024-07-10 19:53:08,4,916.24,229.06,1
C0034,Dalton Perez,North America,2023-09-27,T00540,P065,2024-05-08 21:17:10,2,855.22,427.61,4
C0034,Dalton Perez,North America,2023-09-27,T00466,P055,2024-10-23 16:57:26,4,514.12,128.53,2
C0034,Dalton Perez,North America,2023-09-27,T00905,P033,2024-09-22 0:00:09,2,128.5,64.25,6
C0034,Dalton Perez,North America,2023-09-27,T00207,P014,2024-06-19 2:53:27,3,78.78,26.26,2
C0035,Brianna Richardson,North America,2024-10-01,T00417,P057,2024-04-20 22:54:54,3,719.1,239.7,4
C0035,Brianna Richardson,North America,2024-10-01,T00447,P068,2024-09-30 17:00:33,3,1341.69,447.23,1
C0035,Brianna Richardson,North America,2024-10-01,T00036,P013,2024-01-17 12:40:30,1,114.2,114.2,6
C0035,Brianna Richardson,North America,2024-10-01,T00271,P022,2024-04-29 19:45:24,3,412.62,137.54,2
C0036,Brian Aguilar DDS,North America,2024-07-06,T00880,P087,2024-11-02 12:20:39,3,870.51,290.17,4
C0036,Brian Aguilar DDS,North America,2024-07-06,T00433,P001,2024-05-05 5:01:18,2,338.6,169.3,6
C0036,Brian Aguilar DDS,North America,2024-07-06,T00646,P091,2024-01-23 12:53:51,3,668.85,222.95,4
C0037,Linda Smith,Europe,2023-02-04,T00435,P085,2024-05-16 16:00:40,4,1665.4,416.35,5
C0037,Linda Smith,Europe,2023-02-04,T00438,P074,2024-07-15 16:33:41,3,886.74,295.58,4
C0037,Linda Smith,Europe,2023-02-04,T00064,P009,2024-09-15 3:50:57,1,325.01,325.01,6
C0037,Linda Smith,Europe,2023-02-04,T00267,P066,2024-06-30 0:11:05,3,1011.66,337.22,4
C0037,Linda Smith,Europe,2023-02-04,T00613,P006,2024-09-30 18:17:00,3,363.96,121.32,4
C0038,Jeffrey Perkins,North America,2022-04-16,T00395,P054,2024-03-14 8:10:08,3,171.9,57.3,2
C0038,Jeffrey Perkins,North America,2022-04-16,T00553,P061,2024-12-12 18:55:55,1,156.96,156.96,6
C0038,Jeffrey Perkins,North America,2022-04-16,T00170,P082,2024-02-29 1:45:41,3,167.97,55.99,2
C0038,Jeffrey Perkins,North America,2022-04-16,T00805,P075,2024-02-05 18:18:43,3,1493.28,497.76,1
C0038,Jeffrey Perkins,North America,2022-04-16,T00229,P028,2024-06-29 11:39:11,3,706.74,235.58,4
C0039,Angela Harris,South America,2024-10-13,T00053,P054,2024-09-30 14:42:16,3,171.9,57.3,2
C0039,Angela Harris,South America,2024-10-13,T00498,P013,2024-10-27 5:26:27,1,114.2,114.2,0
C0039,Angela Harris,South America,2024-10-13,T00141,P027,2024-07-08 19:55:52,3,687.18,229.06,2
C0039,Angela Harris,South America,2024-10-13,T00075,P021,2024-10-27 13:50:07,3,1007.52,335.84,1
C0039,Angela Harris,South America,2024-10-13,T00868,P011,2024-09-08 14:32:15,4,1044.8,261.2,1
C0039,Angela Harris,South America,2024-10-13,T00489,P080,2024-02-13 16:15:35,4,1214.0,303.5,1
C0040,Michael Harrell,Asia,2022-03-07,T00994,P072,2024-01-06 21:49:35,2,798.68,399.34,3
C0040,Michael Harrell,Asia,2022-03-07,T00154,P020,2023-12-31 6:53:54,4,1585.36,396.34,5
C0040,Michael Harrell,Asia,2022-03-07,T00967,P020,2024-07-19 9:25:20,4,1585.36,396.34,5
C0041,Lindsey Deleon,Europe,2023-12-27,T00127,P034,2024-06-03 21:07:56,4,868.2,217.05,5
C0041,Lindsey Deleon,Europe,2023-12-27,T00620,P049,2024-01-05 18:43:06,4,591.8,147.95,5
C0041,Lindsey Deleon,Europe,2023-12-27,T00193,P086,2024-06-10 11:46:13,4,1762.8,440.7,5
C0041,Lindsey Deleon,Europe,2023-12-27,T00074,P025,2024-03-10 2:20:47,3,853.86,284.62,4
C0041,Lindsey Deleon,Europe,2023-12-27,T00066,P011,2024-01-21 22:41:36,4,1044.8,261.2,5
C0041,Lindsey Deleon,Europe,2023-12-27,T00941,P055,2024-07-20 10:39:52,1,128.53,128.53,6
C0041,Lindsey Deleon,Europe,2023-12-27,T00978,P098,2024-12-15 21:18:12,3,899.79,299.93,4
C0042,Heather Riley,North America,2023-03-15,T00410,P092,2024-10-30 12:42:57,4,1556.8,389.2,1
C0042,Heather Riley,North America,2023-03-15,T00614,P076,2024-04-28 14:38:55,1,429.29,429.29,6
C0042,Heather Riley,North America,2023-03-15,T00298,P048,2024-11-09 20:42:09,1,416.4,416.4,6
C0043,Sandy Short MD,Asia,2023-02-05,T00723,P062,2024-06-12 1:39:05,2,748.32,374.16,3
C0043,Sandy Short MD,Asia,2023-02-05,T00856,P051,2024-09-19 14:24:09,2,130.32,65.16,3
C0043,Sandy Short MD,Asia,2023-02-05,T00048,P100,2024-04-23 22:46:40,2,252.68,126.34,3
C0044,Kenneth Alexander,Europe,2024-07-10,T00666,P096,2024-06-27 12:03:16,1,307.47,307.47,6
C0044,Kenneth Alexander,Europe,2024-07-10,T00876,P075,2024-10-22 2:45:04,2,995.52,497.76,4
C0044,Kenneth Alexander,Europe,2024-07-10,T00307,P045,2024-05-30 18:15:28,4,1927.12,481.78,5
C0045,Michael Williams,Asia,2022-02-25,T00097,P013,2024-06-08 14:47:32,4,456.8,114.2,5
C0045,Michael Williams,Asia,2022-02-25,T00162,P072,2024-08-26 13:10:31,3,1198.02,399.34,5
C0045,Michael Williams,Asia,2022-02-25,T00250,P074,2024-07-14 11:42:29,4,1182.32,295.58,5
C0045,Michael Williams,Asia,2022-02-25,T00467,P096,2024-03-16 4:08:29,3,922.41,307.47,5
C0045,Michael Williams,Asia,2022-02-25,T00084,P015,2024-08-02 13:45:45,4,635.72,158.93,5
C0045,Michael Williams,Asia,2022-02-25,T00732,P001,2024-08-13 10:42:48,2,338.6,169.3,3
C0045,Michael Williams,Asia,2022-02-25,T00767,P005,2024-02-29 3:49:04,3,1287.93,429.31,5
C0046,Beth Cardenas,North America,2024-10-23,T00044,P051,2024-03-09 9:06:10,3,195.48,65.16,2
C0046,Beth Cardenas,North America,2024-10-23,T00352,P047,2024-09-09 4:31:40,2,318.66,159.33,6
C0046,Beth Cardenas,North America,2024-10-23,T00810,P030,2024-01-06 13:22:36,1,277.86,277.86,6
C0046,Beth Cardenas,North America,2024-10-23,T00802,P016,2024-09-25 1:45:49,3,990.15,330.05,4
C0046,Beth Cardenas,North America,2024-10-23,T00083,P066,2024-04-08 10:34:10,4,1348.88,337.22,1
C0046,Beth Cardenas,North America,2024-10-23,T00670,P083,2024-08-03 21:42:27,2,911.44,455.72,4
C0046,Beth Cardenas,North America,2024-10-23,T00983,P020,2024-04-30 8:50:38,4,1585.36,396.34,1
C0047,Samantha Frank,North America,2024-03-22,T00784,P054,2024-08-23 9:06:06,3,171.9,57.3,2
C0047,Samantha Frank,North America,2024-03-22,T00421,P007,2024-01-04 7:47:38,1,420.15,420.15,6
C0047,Samantha Frank,North America,2024-03-22,T00667,P058,2024-04-26 14:16:50,2,315.24,157.62,6
C0047,Samantha Frank,North America,2024-03-22,T00344,P042,2024-01-17 10:01:00,3,1138.32,379.44,1
C0047,Samantha Frank,North America,2024-03-22,T00217,P074,2024-02-28 6:05:22,1,295.58,295.58,6
C0047,Samantha Frank,North America,2024-03-22,T00622,P082,2024-02-22 21:46:45,2,111.98,55.99,6
C0047,Samantha Frank,North America,2024-03-22,T00964,P079,2024-08-05 13:12:14,1,417.37,417.37,6
C0048,Matthew Park,South America,2024-11-07,T00830,P010,2024-01-28 9:13:22,2,700.26,350.13,0
C0048,Matthew Park,South America,2024-11-07,T00359,P040,2024-12-04 20:50:51,4,612.76,153.19,2
C0048,Matthew Park,South America,2024-11-07,T00198,P039,2024-09-17 7:53:30,1,430.59,430.59,0
C0048,Matthew Park,South America,2024-11-07,T00383,P065,2024-11-22 19:56:10,2,855.22,427.61,0
C0048,Matthew Park,South America,2024-11-07,T00617,P079,2024-01-14 3:22:21,3,1252.11,417.37,1
C0049,Jason Yates,North America,2024-09-18,T00546,P034,2024-08-30 6:42:27,1,217.05,217.05,6
C0049,Jason Yates,North America,2024-09-18,T00227,P058,2024-04-25 18:50:36,2,315.24,157.62,6
C0049,Jason Yates,North America,2024-09-18,T00043,P027,2024-03-02 16:59:31,4,916.24,229.06,1
C0049,Jason Yates,North America,2024-09-18,T00065,P081,2024-02-01 19:05:13,1,66.32,66.32,6
C0049,Jason Yates,North America,2024-09-18,T00288,P065,2024-01-22 14:14:26,1,427.61,427.61,6
C0049,Jason Yates,North America,2024-09-18,T00661,P073,2024-05-25 20:16:42,2,53.98,26.99,6
C0049,Jason Yates,North America,2024-09-18,T00165,P056,2024-03-18 4:33:39,4,64.32,16.08,2
C0049,Jason Yates,North America,2024-09-18,T00777,P071,2024-01-14 4:59:39,2,254.72,127.36,6
C0050,Ryan Davis,North America,2024-03-02,T00821,P032,2024-04-04 14:19:01,2,977.26,488.63,4
C0050,Ryan Davis,North America,2024-03-02,T00556,P088,2024-11-17 17:56:48,3,790.65,263.55,4
C0050,Ryan Davis,North America,2024-03-02,T00258,P029,2024-04-25 3:49:28,3,1300.92,433.64,1
C0051,Nicholas Ellis,Europe,2023-12-21,T00727,P067,2024-01-20 4:52:14,3,902.04,300.68,4
C0051,Nicholas Ellis,Europe,2023-12-21,T00579,P016,2024-12-16 17:36:31,1,330.05,330.05,6
C0051,Nicholas Ellis,Europe,2023-12-21,T00070,P017,2024-12-11 13:46:30,4,1879.08,469.77,5
C0051,Nicholas Ellis,Europe,2023-12-21,T00134,P006,2024-01-03 4:06:49,2,242.64,121.32,6
C0051,Nicholas Ellis,Europe,2023-12-21,T00138,P083,2024-04-26 22:10:35,4,1822.88,455.72,5
C0051,Nicholas Ellis,Europe,2023-12-21,T00257,P091,2024-08-10 0:39:50,1,222.95,222.95,6
C0051,Nicholas Ellis,Europe,2023-12-21,T00302,P098,2024-07-23 12:30:30,1,299.93,299.93,6
C0052,Stanley Aguirre,South America,2024-02-20,T00361,P061,2024-09-01 11:18:51,4,627.84,156.96,2
C0052,Stanley Aguirre,South America,2024-02-20,T00791,P061,2024-01-09 13:32:17,2,313.92,156.96,0
C0052,Stanley Aguirre,South America,2024-02-20,T00779,P018,2024-08-29 18:52:57,3,1310.67,436.89,1
C0052,Stanley Aguirre,South America,2024-02-20,T00520,P028,2024-04-20 8:12:59,1,235.58,235.58,0
C0053,Albert Burke,Europe,2022-06-18,T00497,P087,2024-06-21 2:02:45,4,1160.68,290.17,5
C0053,Albert Burke,Europe,2022-06-18,T00293,P053,2024-07-11 15:32:56,3,824.82,274.94,4
C0053,Albert Burke,Europe,2022-06-18,T00665,P039,2024-11-01 12:16:45,4,1722.36,430.59,5
C0053,Albert Burke,Europe,2022-06-18,T00668,P081,2024-01-21 8:08:41,2,132.64,66.32,6
C0053,Albert Burke,Europe,2022-06-18,T00506,P006,2024-09-18 23:31:26,1,121.32,121.32,6
C0053,Albert Burke,Europe,2022-06-18,T00528,P024,2024-08-28 4:01:48,4,1354.64,338.66,5
C0054,Bruce Rhodes,Asia,2024-09-29,T00060,P074,2024-05-06 13:06:06,4,1182.32,295.58,5
C0054,Bruce Rhodes,Asia,2024-09-29,T00519,P073,2024-06-02 10:00:57,2,53.98,26.99,3
C0054,Bruce Rhodes,Asia,2024-09-29,T00636,P064,2024-01-28 4:32:55,3,1357.26,452.42,5
C0054,Bruce Rhodes,Asia,2024-09-29,T00342,P043,2024-01-24 16:03:16,3,1213.2,404.4,5
C0054,Bruce Rhodes,Asia,2024-09-29,T00793,P091,2024-10-07 17:48:28,3,668.85,222.95,3
C0054,Bruce Rhodes,Asia,2024-09-29,T00654,P098,2024-07-07 12:28:18,4,1199.72,299.93,5
C0054,Bruce Rhodes,Asia,2024-09-29,T00663,P045,2024-04-23 11:07:18,3,1445.34,481.78,5
C0054,Bruce Rhodes,Asia,2024-09-29,T00408,P037,2024-08-15 3:03:51,2,919.72,459.86,3
C0055,Lauren Williams,North America,2024-11-11,T00161,P057,2024-07-15 7:02:39,2,479.4,239.7,4
C0055,Lauren Williams,North America,2024-11-11,T00842,P025,2024-01-24 6:58:00,4,1138.48,284.62,1
C0055,Lauren Williams,North America,2024-11-11,T00888,P065,2024-05-24 9:36:07,2,855.22,427.61,4
C0055,Lauren Williams,North America,2024-11-11,T00494,P073,2024-10-01 4:39:43,2,53.98,26.99,6
C0055,Lauren Williams,North America,2024-11-11,T00716,P090,2024-04-02 2:03:25,2,330.6,165.3,6
C0056,Erika Fernandez,Asia,2024-04-12,T00953,P087,2024-03-07 21:09:48,2,580.34,290.17,3
C0056,Erika Fernandez,Asia,2024-04-12,T00750,P070,2024-12-25 21:16:21,4,194.76,48.69,3
C0056,Erika Fernandez,Asia,2024-04-12,T00039,P050,2024-10-16 1:04:33,2,875.3,437.65,3
C0056,Erika Fernandez,Asia,2024-04-12,T00585,P065,2024-01-31 8:26:51,2,855.22,427.61,3
C0056,Erika Fernandez,Asia,2024-04-12,T00214,P024,2024-02-18 5:49:59,2,677.32,338.66,3
C0057,Elizabeth Nguyen,Europe,2024-07-27,T00420,P086,2024-07-31 21:34:31,4,1762.8,440.7,5
C0057,Elizabeth Nguyen,Europe,2024-07-27,T00200,P033,2024-03-05 4:58:09,3,192.75,64.25,4
C0057,Elizabeth Nguyen,Europe,2024-07-27,T00783,P097,2024-01-18 16:04:46,2,638.68,319.34,4
C0057,Elizabeth Nguyen,Europe,2024-07-27,T00719,P012,2024-04-07 14:32:58,1,159.6,159.6,6
C0057,Elizabeth Nguyen,Europe,2024-07-27,T00508,P094,2024-12-18 11:46:16,3,1342.02,447.34,5
C0057,Elizabeth Nguyen,Europe,2024-07-27,T00660,P008,2024-09-23 16:46:01,3,440.55,146.85,4
C0058,Zachary Turner,North America,2024-01-28,T00933,P020,2024-02-01 14:24:48,1,396.34,396.34,6
C0059,Mrs. Kimberly Wright,North America,2024-04-07,T00940,P084,2024-09-14 15:29:16,4,1351.64,337.91,1
C0059,Mrs. Kimberly Wright,North America,2024-04-07,T00071,P068,2024-10-24 0:10:41,1,447.23,447.23,6
C0059,Mrs. Kimberly Wright,North America,2024-04-07,T00279,P096,2024-09-09 19:42:23,1,307.47,307.47,6
C0059,Mrs. Kimberly Wright,North America,2024-04-07,T00535,P019,2024-03-12 21:51:40,4,1541.48,385.37,1
C0059,Mrs. Kimberly Wright,North America,2024-04-07,T00851,P028,2024-02-13 6:45:11,3,706.74,235.58,4
C0059,Mrs. Kimberly Wright,North America,2024-04-07,T00733,P094,2024-02-06 22:06:42,1,447.34,447.34,6
C0059,Mrs. Kimberly Wright,North America,2024-04-07,T00260,P091,2024-03-23 8:29:57,4,891.8,222.95,1
C0059,Mrs. Kimberly Wright,North America,2024-04-07,T00759,P037,2024-06-04 2:15:24,3,1379.58,459.86,1
C0060,James Murphy,Europe,2022-04-22,T00592,P078,2024-09-03 7:19:28,2,82.36,41.18,6
C0061,Brandon Escobar,Europe,2023-03-06,T00022,P085,2024-08-19 8:16:57,3,1249.05,416.35,5
C0061,Brandon Escobar,Europe,2023-03-06,T00799,P035,2024-12-10 16:00:56,1,30.59,30.59,6
C0061,Brandon Escobar,Europe,2023-03-06,T00468,P005,2024-02-23 5:08:16,2,858.62,429.31,4
C0062,Jeffery Hartman,Europe,2022-12-14,T00164,P078,2024-07-10 8:49:17,3,123.54,41.18,4
C0062,Jeffery Hartman,Europe,2022-12-14,T00057,P059,2024-07-03 7:10:58,3,909.6,303.2,4
C0062,Jeffery Hartman,Europe,2022-12-14,T00806,P059,2024-01-04 21:05:07,2,606.4,303.2,4
C0063,Wayne Ferguson,Europe,2024-02-05,T00194,P069,2024-09-28 6:07:52,1,100.81,100.81,6
C0063,Wayne Ferguson,Europe,2024-02-05,T00394,P097,2024-03-25 13:47:30,4,1277.36,319.34,5
C0064,Martha Montgomery,Europe,2023-10-22,T00563,P049,2024-01-16 18:52:43,1,147.95,147.95,6
C0064,Martha Montgomery,Europe,2023-10-22,T00230,P062,2024-12-06 16:22:54,1,374.16,374.16,6
C0064,Martha Montgomery,Europe,2023-10-22,T00832,P025,2024-05-07 1:08:19,3,853.86,284.62,4
C0064,Martha Montgomery,Europe,2023-10-22,T00337,P027,2024-01-07 16:11:55,4,916.24,229.06,5
C0064,Martha Montgomery,Europe,2023-10-22,T00411,P018,2024-02-06 15:02:30,4,1747.56,436.89,5
C0065,Gerald Hines,North America,2024-07-10,T00237,P049,2024-02-27 22:16:22,2,295.9,147.95,6
C0065,Gerald Hines,North America,2024-07-10,T00568,P053,2024-09-18 5:00:38,1,274.94,274.94,6
C0065,Gerald Hines,North America,2024-07-10,T00432,P038,2024-12-13 21:18:19,3,441.66,147.22,2
C0065,Gerald Hines,North America,2024-07-10,T00696,P061,2024-03-05 18:21:47,3,470.88,156.96,2
C0065,Gerald Hines,North America,2024-07-10,T00160,P022,2024-07-29 6:59:14,3,412.62,137.54,2
C0065,Gerald Hines,North America,2024-07-10,T00499,P032,2024-07-18 2:51:22,4,1954.52,488.63,1
C0065,Gerald Hines,North America,2024-07-10,T00776,P029,2024-04-22 1:00:36,4,1734.56,433.64,1
C0065,Gerald Hines,North America,2024-07-10,T00215,P082,2024-03-18 6:01:51,3,167.97,55.99,2
C0065,Gerald Hines,North America,2024-07-10,T00866,P075,2024-12-10 1:50:20,3,1493.28,497.76,1
C0065,Gerald Hines,North America,2024-07-10,T00656,P079,2024-09-13 8:28:58,1,417.37,417.37,6
C0066,Catherine White,Europe,2024-11-15,T00482,P041,2024-06-04 2:02:24,4,1825.12,456.28,5
C0066,Catherine White,Europe,2024-11-15,T00887,P083,2024-08-28 20:52:33,3,1367.16,455.72,5
C0066,Catherine White,Europe,2024-11-15,T00473,P080,2024-03-13 4:00:25,2,607.0,303.5,4
C0067,Carl Gonzalez,North America,2023-07-06,T00008,P069,2024-10-17 0:45:17,1,100.81,100.81,6
C0067,Carl Gonzalez,North America,2023-07-06,T00407,P036,2024-10-17 2:10:15,1,372.55,372.55,6
C0067,Carl Gonzalez,North America,2023-07-06,T00431,P078,2024-08-15 0:55:59,3,123.54,41.18,2
C0067,Carl Gonzalez,North America,2023-07-06,T00911,P020,2024-06-14 21:37:11,3,1189.02,396.34,1
C0067,Carl Gonzalez,North America,2023-07-06,T00248,P002,2024-05-03 21:36:31,4,1385.2,346.3,1
C0067,Carl Gonzalez,North America,2023-07-06,T00396,P037,2024-04-14 14:12:54,2,919.72,459.86,4
C0068,Mark Cox,North America,2023-04-04,T00310,P049,2024-05-18 5:03:08,2,295.9,147.95,6
C0068,Mark Cox,North America,2023-04-04,T00828,P069,2024-06-04 21:07:05,4,403.24,100.81,2
C0068,Mark Cox,North America,2023-04-04,T00929,P072,2024-12-24 23:45:11,3,1198.02,399.34,1
C0068,Mark Cox,North America,2023-04-04,T00950,P048,2024-02-28 16:08:32,4,1665.6,416.4,1
C0068,Mark Cox,North America,2023-04-04,T00773,P089,2024-12-08 14:38:23,3,662.73,220.91,4
C0068,Mark Cox,North America,2023-04-04,T00985,P088,2024-07-30 21:37:27,2,527.1,263.55,4
C0068,Mark Cox,North America,2023-04-04,T00114,P015,2024-05-28 18:07:55,1,158.93,158.93,6
C0068,Mark Cox,North America,2023-04-04,T00285,P002,2024-04-02 2:23:50,3,1038.9,346.3,4
C0069,Stacy Foster,Europe,2023-12-03,T00231,P041,2024-08-27 19:54:49,2,912.56,456.28,4
C0069,Stacy Foster,Europe,2023-12-03,T00243,P010,2024-08-31 0:38:43,2,700.26,350.13,4
C0069,Stacy Foster,Europe,2023-12-03,T00560,P013,2024-05-09 9:15:59,3,342.6,114.2,4
C0069,Stacy Foster,Europe,2023-12-03,T00286,P029,2024-12-09 14:58:44,2,867.28,433.64,4
C0069,Stacy Foster,Europe,2023-12-03,T00398,P082,2024-03-14 17:22:52,1,55.99,55.99,6
C0070,Timothy Perez,Europe,2022-03-15,T00363,P067,2024-03-21 15:10:10,3,902.04,300.68,4
C0070,Timothy Perez,Europe,2022-03-15,T00650,P049,2024-10-07 14:56:13,4,591.8,147.95,5
C0070,Timothy Perez,Europe,2022-03-15,T00354,P097,2024-05-15 0:22:27,4,1277.36,319.34,5
C0070,Timothy Perez,Europe,2022-03-15,T00825,P099,2024-02-08 14:20:05,1,354.29,354.29,6
C0071,Taylor Murphy,South America,2022-07-01,T00965,P095,2024-08-23 15:53:27,4,909.04,227.26,1
C0071,Taylor Murphy,South America,2022-07-01,T00910,P040,2024-05-22 3:47:06,1,153.19,153.19,0
C0071,Taylor Murphy,South America,2022-07-01,T00428,P001,2024-08-02 8:13:23,2,338.6,169.3,0
C0072,Sarah Scott,North America,2024-07-24,T00392,P060,2024-11-02 20:33:22,4,622.6,155.65,2
C0072,Sarah Scott,North America,2024-07-24,T00016,P070,2024-07-05 23:04:17,2,97.38,48.69,6
C0072,Sarah Scott,North America,2024-07-24,T00090,P039,2024-03-10 16:04:33,4,1722.36,430.59,1
C0072,Sarah Scott,North America,2024-07-24,T00461,P088,2024-09-17 3:59:29,1,263.55,263.55,6
C0072,Sarah Scott,North America,2024-07-24,T00385,P008,2024-03-16 16:23:59,2,293.7,146.85,6
C0073,Heidi Johnson,Europe,2022-08-20,T00634,P054,2024-03-20 2:37:13,4,229.2,57.3,2
C0073,Heidi Johnson,Europe,2022-08-20,T00180,P017,2024-03-11 15:12:50,2,939.54,469.77,4
C0073,Heidi Johnson,Europe,2022-08-20,T00384,P091,2024-02-04 15:35:27,4,891.8,222.95,5
C0074,Jonathan Russo,Europe,2022-05-27,T00516,P010,2024-07-29 6:11:19,1,350.13,350.13,6
C0074,Jonathan Russo,Europe,2022-05-27,T00669,P099,2024-01-03 16:57:09,4,1417.16,354.29,5
C0074,Jonathan Russo,Europe,2022-05-27,T00879,P005,2024-01-20 17:46:34,3,1287.93,429.31,5
C0075,Misty Higgins,Europe,2023-05-01,T00729,P067,2024-10-07 6:38:36,2,601.36,300.68,4
C0075,Misty Higgins,Europe,2023-05-01,T00753,P084,2024-12-06 1:59:41,4,1351.64,337.91,5
C0075,Misty Higgins,Europe,2023-05-01,T00197,P047,2024-02-21 11:11:20,4,637.32,159.33,5
C0075,Misty Higgins,Europe,2023-05-01,T00544,P013,2024-06-13 7:28:26,3,342.6,114.2,4
C0075,Misty Higgins,Europe,2023-05-01,T00819,P096,2024-10-08 21:31:59,2,614.94,307.47,4
C0075,Misty Higgins,Europe,2023-05-01,T00459,P063,2024-01-17 1:36:03,4,134.36,33.59,2
C0075,Misty Higgins,Europe,2023-05-01,T00366,P033,2024-08-09 17:24:33,3,192.75,64.25,4
C0075,Misty Higgins,Europe,2023-05-01,T00135,P097,2024-04-29 19:03:50,3,958.02,319.34,4
C0075,Misty Higgins,Europe,2023-05-01,T00249,P024,2024-12-10 21:53:30,3,1015.98,338.66,4
C0076,Emily Roberts,South America,2024-02-11,T00006,P053,2024-12-01 20:44:37,3,824.82,274.94,2
C0076,Emily Roberts,South America,2024-02-11,T00089,P023,2024-06-19 23:01:44,1,454.53,454.53,0
C0076,Emily Roberts,South America,2024-02-11,T00957,P051,2024-02-21 4:21:27,3,195.48,65.16,2
C0076,Emily Roberts,South America,2024-02-11,T00124,P058,2024-02-07 1:32:26,3,472.86,157.62,2
C0076,Emily Roberts,South America,2024-02-11,T00836,P019,2024-04-25 14:43:34,1,385.37,385.37,0
C0077,Scott Sims,South America,2023-10-18,T00820,P100,2024-03-11 10:55:51,2,252.68,126.34,0
C0077,Scott Sims,South America,2023-10-18,T00081,P081,2024-11-02 19:35:08,4,265.28,66.32,2
C0077,Scott Sims,South America,2023-10-18,T00278,P097,2024-09-26 16:10:17,1,319.34,319.34,0
C0078,Julia Palmer,Asia,2024-11-13,T00809,P075,2024-12-09 11:44:44,2,995.52,497.76,3
C0079,Brian Murillo,North America,2022-02-02,T00741,P007,2024-02-22 15:13:43,2,840.3,420.15,4
C0079,Brian Murillo,North America,2022-02-02,T00530,P009,2024-05-02 0:31:22,2,650.02,325.01,4
C0079,Brian Murillo,North America,2022-02-02,T00547,P093,2024-07-30 23:32:12,4,1219.76,304.94,1
C0079,Brian Murillo,North America,2022-02-02,T00192,P019,2024-03-28 4:39:16,4,1541.48,385.37,1
C0080,David Gonzalez,Asia,2024-02-07,T00857,P021,2024-03-12 15:48:24,3,1007.52,335.84,5
C0081,Kimberly Turner,Europe,2024-02-24,T00869,P061,2023-12-30 15:29:12,2,313.92,156.96,6
C0081,Kimberly Turner,Europe,2024-02-24,T00156,P068,2024-11-08 18:02:09,1,447.23,447.23,6
C0081,Kimberly Turner,Europe,2024-02-24,T00676,P092,2024-09-04 2:55:21,4,1556.8,389.2,5
C0081,Kimberly Turner,Europe,2024-02-24,T00511,P030,2024-05-26 5:56:36,3,833.58,277.86,4
C0081,Kimberly Turner,Europe,2024-02-24,T00388,P073,2024-04-11 1:44:41,1,26.99,26.99,6
C0081,Kimberly Turner,Europe,2024-02-24,T00389,P006,2024-01-20 4:23:56,3,363.96,121.32,4
C0082,Aimee Taylor,South America,2022-05-13,T00323,P038,2024-09-22 7:51:55,4,588.88,147.22,2
C0082,Aimee Taylor,South America,2022-05-13,T00118,P068,2024-11-30 7:11:48,3,1341.69,447.23,1
C0082,Aimee Taylor,South America,2022-05-13,T00577,P032,2024-10-19 0:46:52,2,977.26,488.63,0
C0082,Aimee Taylor,South America,2022-05-13,T00111,P081,2024-09-16 22:57:51,4,265.28,66.32,2
C0082,Aimee Taylor,South America,2022-05-13,T00541,P029,2024-07-25 15:20:14,2,867.28,433.64,0
C0082,Aimee Taylor,South America,2022-05-13,T00375,P019,2024-10-05 2:02:48,4,1541.48,385.37,1
C0082,Aimee Taylor,South America,2022-05-13,T00928,P075,2024-09-06 18:39:07,4,1991.04,497.76,1
C0083,Christina Stark,South America,2022-04-07,T00768,P060,2024-12-17 13:01:28,1,155.65,155.65,0
C0083,Christina Stark,South America,2022-04-07,T00581,P054,2024-11-13 4:56:27,2,114.6,57.3,0
C0083,Christina Stark,South America,2022-04-07,T00469,P036,2024-04-14 12:03:56,1,372.55,372.55,0
C0084,Belinda Garner,Asia,2024-09-17,T00144,P013,2024-01-24 9:21:15,1,114.2,114.2,3
C0084,Belinda Garner,Asia,2024-09-17,T00697,P013,2024-10-16 6:10:29,3,342.6,114.2,3
C0084,Belinda Garner,Asia,2024-09-17,T00038,P058,2024-09-05 8:46:22,2,315.24,157.62,3
C0084,Belinda Garner,Asia,2024-09-17,T00871,P027,2024-03-12 11:15:01,4,916.24,229.06,5
C0084,Belinda Garner,Asia,2024-09-17,T00973,P042,2024-07-12 22:15:21,3,1138.32,379.44,5
C0084,Belinda Garner,Asia,2024-09-17,T00110,P065,2024-08-13 10:30:05,2,855.22,427.61,3
C0084,Belinda Garner,Asia,2024-09-17,T00790,P043,2024-08-13 23:52:47,1,404.4,404.4,3
C0084,Belinda Garner,Asia,2024-09-17,T00122,P035,2024-09-12 13:59:35,2,61.18,30.59,3
C0084,Belinda Garner,Asia,2024-09-17,T00611,P008,2024-12-16 14:32:21,2,293.7,146.85,3
C0085,Richard Brown,South America,2024-09-22,T00328,P050,2024-09-04 11:39:30,3,1312.95,437.65,1
C0085,Richard Brown,South America,2024-09-22,T00303,P030,2024-10-11 20:08:31,1,277.86,277.86,0
C0085,Richard Brown,South America,2024-09-22,T00054,P021,2024-02-05 7:45:31,3,1007.52,335.84,1
C0086,Stephanie Peterson,Europe,2022-09-18,T00875,P087,2024-09-26 23:20:59,2,580.34,290.17,4
C0086,Stephanie Peterson,Europe,2022-09-18,T00009,P095,2024-04-06 3:41:22,4,909.04,227.26,5
C0086,Stephanie Peterson,Europe,2022-09-18,T00873,P054,2024-08-02 11:13:00,4,229.2,57.3,2
C0086,Stephanie Peterson,Europe,2022-09-18,T00292,P010,2024-12-26 2:30:22,2,700.26,350.13,4
C0086,Stephanie Peterson,Europe,2022-09-18,T00807,P021,2024-10-23 17:24:22,1,335.84,335.84,6
C0087,Travis Campbell,South America,2024-04-11,T00272,P067,2024-03-26 22:55:37,2,601.36,300.68,0
C0087,Travis Campbell,South America,2024-04-11,T00017,P057,2024-05-09 3:52:43,4,958.8,239.7,1
C0087,Travis Campbell,South America,2024-04-11,T00105,P049,2024-02-12 8:14:34,3,443.85,147.95,2
C0087,Travis Campbell,South America,2024-04-11,T00640,P062,2024-09-13 23:20:18,3,1122.48,374.16,1
C0087,Travis Campbell,South America,2024-04-11,T00938,P030,2024-02-21 18:51:05,3,833.58,277.86,2
C0087,Travis Campbell,South America,2024-04-11,T00295,P059,2024-07-22 9:54:09,3,909.6,303.2,1
C0087,Travis Campbell,South America,2024-04-11,T00554,P029,2024-04-13 20:04:25,4,1734.56,433.64,1
C0088,Carlos Murray,Asia,2023-05-14,T00063,P034,2024-06-19 7:16:55,2,434.1,217.05,3
C0088,Carlos Murray,Asia,2023-05-14,T00068,P010,2024-09-22 23:11:50,3,1050.39,350.13,5
C0088,Carlos Murray,Asia,2023-05-14,T00555,P039,2024-12-15 4:43:29,1,430.59,430.59,3
C0088,Carlos Murray,Asia,2023-05-14,T00872,P055,2024-06-02 13:27:11,1,128.53,128.53,3
C0088,Carlos Murray,Asia,2023-05-14,T00246,P035,2024-12-05 1:12:30,3,91.77,30.59,3
C0089,Paul Carter,Europe,2024-04-02,T00839,P074,2024-12-03 21:30:15,3,886.74,295.58,4
C0089,Paul Carter,Europe,2024-04-02,T00908,P079,2024-02-12 15:27:25,4,1669.48,417.37,5
C0090,Charles Hamilton,Asia,2023-10-17,T00098,P070,2024-08-28 2:11:58,3,146.07,48.69,3
C0090,Charles Hamilton,Asia,2023-10-17,T00052,P085,2024-02-25 18:56:28,3,1249.05,416.35,5
C0090,Charles Hamilton,Asia,2023-10-17,T00834,P061,2024-05-16 1:56:32,3,470.88,156.96,3
C0090,Charles Hamilton,Asia,2023-10-17,T00695,P042,2024-09-11 19:59:24,3,1138.32,379.44,5
C0090,Charles Hamilton,Asia,2023-10-17,T00760,P063,2024-01-03 18:25:39,1,33.59,33.59,3
C0090,Charles Hamilton,Asia,2023-10-17,T00745,P079,2024-06-22 14:35:43,2,834.74,417.37,3
C0090,Charles Hamilton,Asia,2023-10-17,T00920,P077,2024-04-26 11:22:42,1,265.51,265.51,3
C0091,Lisa Kirk,South America,2023-03-16,T00012,P041,2024-03-29 1:28:17,4,1825.12,456.28,1
C0091,Lisa Kirk,South America,2023-03-16,T00919,P013,2024-03-10 12:56:52,3,342.6,114.2,2
C0091,Lisa Kirk,South America,2023-03-16,T00103,P081,2024-08-13 3:22:31,4,265.28,66.32,2
C0091,Lisa Kirk,South America,2023-03-16,T00891,P004,2024-07-24 23:11:16,4,382.76,95.69,2
C0091,Lisa Kirk,South America,2023-03-16,T00338,P026,2024-05-28 17:40:20,2,128.76,64.38,0
C0091,Lisa Kirk,South America,2023-03-16,T00927,P026,2024-04-22 18:28:54,3,193.14,64.38,2
C0092,Jacqueline Zamora,Asia,2024-05-29,T00002,P034,2024-12-16 3:31:07,2,434.1,217.05,3
C0092,Jacqueline Zamora,Asia,2024-05-29,T00703,P057,2024-02-04 0:31:54,3,719.1,239.7,3
C0092,Jacqueline Zamora,Asia,2024-05-29,T00312,P036,2024-01-27 16:35:59,1,372.55,372.55,3
C0092,Jacqueline Zamora,Asia,2024-05-29,T00376,P036,2024-10-21 4:58:32,4,1490.2,372.55,5
C0093,Nancy Walker,Asia,2024-07-13,T00405,P060,2024-08-02 21:41:32,2,311.3,155.65,3
C0093,Nancy Walker,Asia,2024-07-13,T00814,P038,2024-09-08 16:26:03,1,147.22,147.22,3
C0093,Nancy Walker,Asia,2024-07-13,T00896,P086,2024-03-26 18:01:53,1,440.7,440.7,3
C0093,Nancy Walker,Asia,2024-07-13,T00031,P076,2024-08-31 18:20:26,3,1287.87,429.29,5
C0093,Nancy Walker,Asia,2024-07-13,T00149,P076,2024-07-13 13:50:21,4,1717.16,429.29,5
C0093,Nancy Walker,Asia,2024-07-13,T00925,P036,2024-04-04 3:50:45,1,372.55,372.55,3
C0093,Nancy Walker,Asia,2024-07-13,T00874,P082,2024-09-12 4:48:36,3,167.97,55.99,3
C0093,Nancy Walker,Asia,2024-07-13,T00909,P012,2024-01-01 14:29:52,2,319.2,159.6,3
C0093,Nancy Walker,Asia,2024-07-13,T00549,P077,2024-09-16 2:11:37,2,531.02,265.51,3
C0094,Emily Trevino,North America,2023-09-16,T00914,P003,2024-03-10 12:10:40,2,88.24,44.12,6
C0094,Emily Trevino,North America,2023-09-16,T00153,P089,2024-11-05 7:32:47,3,662.73,220.91,4
C0094,Emily Trevino,North America,2023-09-16,T00609,P066,2024-03-19 1:04:53,1,337.22,337.22,6
C0094,Emily Trevino,North America,2023-09-16,T00865,P014,2024-04-28 10:46:07,3,78.78,26.26,2
C0095,William Walker,South America,2023-03-04,T00774,P056,2024-01-07 14:19:49,2,32.16,16.08,0
C0095,William Walker,South America,2023-03-04,T00823,P079,2024-09-30 10:45:06,3,1252.11,417.37,1
C0096,Benjamin Mcclure,South America,2022-11-18,T00362,P050,2024-01-31 7:07:22,2,875.3,437.65,0
C0096,Benjamin Mcclure,South America,2022-11-18,T00864,P025,2024-08-22 5:45:56,4,1138.48,284.62,1
C0096,Benjamin Mcclure,South America,2022-11-18,T00391,P039,2024-08-02 9:54:08,4,1722.36,430.59,1
C0096,Benjamin Mcclure,South America,2022-11-18,T00751,P088,2024-03-11 17:07:12,2,527.1,263.55,0
C0096,Benjamin Mcclure,South America,2022-11-18,T00552,P064,2024-12-11 17:46:24,4,1809.68,452.42,1
C0097,Tina Ford,Asia,2023-12-18,T00051,P022,2024-03-23 5:58:54,1,137.54,137.54,3
C0098,Laura Gilbert,North America,2024-10-21,T00340,P092,2024-07-02 5:35:21,2,778.4,389.2,4
C0098,Laura Gilbert,North America,2024-10-21,T00542,P050,2024-04-17 0:48:43,1,437.65,437.65,6
C0098,Laura Gilbert,North America,2024-10-21,T00739,P027,2024-04-26 7:31:56,2,458.12,229.06,6
C0098,Laura Gilbert,North America,2024-10-21,T00186,P078,2024-04-02 7:44:01,1,41.18,41.18,6
C0098,Laura Gilbert,North America,2024-10-21,T00299,P021,2024-08-27 22:57:39,1,335.84,335.84,6
C0098,Laura Gilbert,North America,2024-10-21,T00948,P059,2024-01-20 12:30:32,2,606.4,303.2,4
C0098,Laura Gilbert,North America,2024-10-21,T00853,P063,2024-12-23 18:36:04,4,134.36,33.59,2
C0098,Laura Gilbert,North America,2024-10-21,T00318,P046,2024-01-09 16:35:54,1,366.07,366.07,6
C0099,Rodney Eaton,South America,2023-01-29,T00829,P085,2024-12-23 18:22:03,4,1665.4,416.35,1
C0099,Rodney Eaton,South America,2023-01-29,T00033,P036,2024-12-17 22:52:47,2,745.1,372.55,0
C0099,Rodney Eaton,South America,2023-01-29,T00322,P048,2024-02-17 4:23:02,3,1249.2,416.4,1
C0099,Rodney Eaton,South America,2023-01-29,T00460,P052,2024-05-02 0:25:40,2,709.62,354.81,0
C0099,Rodney Eaton,South America,2023-01-29,T00956,P035,2024-05-28 1:25:36,1,30.59,30.59,0
C0099,Rodney Eaton,South America,2023-01-29,T00916,P056,2024-11-10 19:32:15,4,64.32,16.08,2
C0099,Rodney Eaton,South America,2023-01-29,T00177,P005,2024-06-14 8:41:48,3,1287.93,429.31,1
C0099,Rodney Eaton,South America,2023-01-29,T00621,P045,2024-04-19 5:04:38,2,963.56,481.78,0
C0100,Clinton Gomez,Europe,2023-03-16,T00202,P084,2024-01-31 14:10:21,1,337.91,337.91,6
C0100,Clinton Gomez,Europe,2023-03-16,T00638,P059,2024-04-27 5:29:48,3,909.6,303.2,4
C0100,Clinton Gomez,Europe,2023-03-16,T00677,P009,2024-03-05 23:39:40,4,1300.04,325.01,5
C0100,Clinton Gomez,Europe,2023-03-16,T00657,P048,2024-08-04 15:35:01,1,416.4,416.4,6
C0100,Clinton Gomez,Europe,2023-03-16,T00629,P093,2024-04-06 10:30:48,1,304.94,304.94,6
C0100,Clinton Gomez,Europe,2023-03-16,T00576,P029,2024-09-04 20:49:41,4,1734.56,433.64,5
C0101,Kelsey Roberts,Asia,2023-09-30,T00270,P034,2024-11-07 2:48:08,3,651.15,217.05,3
C0101,Kelsey Roberts,Asia,2023-09-30,T00881,P041,2024-08-19 4:22:17,3,1368.84,456.28,5
C0101,Kelsey Roberts,Asia,2023-09-30,T00163,P007,2024-03-13 22:33:34,4,1680.6,420.15,5
C0101,Kelsey Roberts,Asia,2023-09-30,T00600,P003,2024-01-02 11:26:51,3,132.36,44.12,3
C0101,Kelsey Roberts,Asia,2023-09-30,T00616,P036,2024-12-07 12:23:24,2,745.1,372.55,3
C0101,Kelsey Roberts,Asia,2023-09-30,T00838,P066,2024-07-24 17:40:37,1,337.22,337.22,3
C0101,Kelsey Roberts,Asia,2023-09-30,T00333,P015,2024-12-28 11:00:00,3,476.79,158.93,3
C0101,Kelsey Roberts,Asia,2023-09-30,T00893,P015,2024-03-24 16:37:25,1,158.93,158.93,3
C0102,Michael Atkinson,South America,2022-09-16,T00684,P087,2024-07-17 7:26:30,1,290.17,290.17,0
C0102,Michael Atkinson,South America,2022-09-16,T00458,P061,2024-06-25 22:40:29,1,156.96,156.96,0
C0102,Michael Atkinson,South America,2022-09-16,T00365,P058,2024-04-09 18:48:11,4,630.48,157.62,2
C0102,Michael Atkinson,South America,2022-09-16,T00471,P058,2024-01-12 17:34:27,4,630.48,157.62,2
C0102,Michael Atkinson,South America,2022-09-16,T00480,P039,2024-08-02 3:34:50,3,1291.77,430.59,1
C0102,Michael Atkinson,South America,2022-09-16,T00673,P029,2024-09-01 21:40:35,3,1300.92,433.64,1
C0102,Michael Atkinson,South America,2022-09-16,T00843,P020,2024-08-08 19:49:54,2,792.68,396.34,0
C0102,Michael Atkinson,South America,2022-09-16,T00780,P002,2024-02-14 14:25:57,3,1038.9,346.3,1
C0103,Jennifer Munoz,Europe,2022-05-15,T00982,P034,2024-07-17 3:25:18,1,217.05,217.05,6
C0103,Jennifer Munoz,Europe,2022-05-15,T00309,P007,2024-08-28 5:03:00,2,840.3,420.15,4
C0103,Jennifer Munoz,Europe,2022-05-15,T00618,P092,2024-03-04 4:39:40,1,389.2,389.2,6
C0103,Jennifer Munoz,Europe,2022-05-15,T00099,P006,2024-09-30 23:30:02,1,121.32,121.32,6
C0103,Jennifer Munoz,Europe,2022-05-15,T00918,P094,2024-08-20 2:24:47,2,894.68,447.34,4
C0104,Laura Bennett,South America,2022-02-10,T00450,P068,2024-08-23 2:14:14,1,447.23,447.23,0
C0104,Laura Bennett,South America,2022-02-10,T00886,P022,2024-10-28 14:36:09,3,412.62,137.54,2
C0104,Laura Bennett,South America,2022-02-10,T00702,P059,2024-05-20 13:15:04,4,1212.8,303.2,1
C0104,Laura Bennett,South America,2022-02-10,T00735,P096,2024-11-04 7:25:57,4,1229.88,307.47,1
C0104,Laura Bennett,South America,2022-02-10,T00324,P017,2024-08-11 7:01:49,1,469.77,469.77,0
C0104,Laura Bennett,South America,2022-02-10,T00772,P006,2024-06-16 21:51:16,2,242.64,121.32,0
C0104,Laura Bennett,South America,2022-02-10,T00196,P094,2024-07-11 17:39:59,2,894.68,447.34,0
C0104,Laura Bennett,South America,2022-02-10,T00746,P079,2024-07-19 14:35:31,4,1669.48,417.37,1
C0105,Ryan Hampton,Europe,2024-11-11,T00014,P060,2024-08-05 7:35:43,1,155.65,155.65,6
C0105,Ryan Hampton,Europe,2024-11-11,T00942,P016,2024-06-19 6:55:10,4,1320.2,330.05,5
C0105,Ryan Hampton,Europe,2024-11-11,T00792,P031,2024-01-11 6:02:11,1,196.4,196.4,6
C0105,Ryan Hampton,Europe,2024-11-11,T00545,P001,2024-06-24 10:10:17,2,338.6,169.3,6
C0105,Ryan Hampton,Europe,2024-11-11,T00132,P029,2024-09-03 19:50:06,4,1734.56,433.64,5
C0105,Ryan Hampton,Europe,2024-11-11,T00624,P077,2024-08-03 23:04:47,4,1062.04,265.51,5
C0106,Amanda Mcguire,Asia,2022-09-22,T00762,P070,2024-11-01 9:20:07,4,194.76,48.69,3
C0106,Amanda Mcguire,Asia,2022-09-22,T00862,P084,2024-05-06 7:02:05,2,675.82,337.91,3
C0106,Amanda Mcguire,Asia,2022-09-22,T00028,P047,2024-11-27 5:40:32,2,318.66,159.33,3
C0106,Amanda Mcguire,Asia,2022-09-22,T00058,P031,2024-09-18 9:38:21,2,392.8,196.4,3
C0106,Amanda Mcguire,Asia,2022-09-22,T00972,P064,2024-11-01 6:54:57,3,1357.26,452.42,5
C0107,Dana Cantrell,South America,2023-02-07,T00059,P042,2024-06-29 13:17:07,1,379.44,379.44,0
C0107,Dana Cantrell,South America,2023-02-07,T00569,P065,2024-10-22 12:54:23,3,1282.83,427.61,1
C0107,Dana Cantrell,South America,2023-02-07,T00255,P055,2024-02-27 16:51:17,4,514.12,128.53,2
C0107,Dana Cantrell,South America,2023-02-07,T00174,P012,2024-02-21 23:48:42,1,159.6,159.6,0
C0107,Dana Cantrell,South America,2023-02-07,T00855,P005,2024-08-16 19:51:40,3,1287.93,429.31,1
C0108,David Davis,South America,2022-09-28,T00087,P070,2024-02-16 19:58:26,1,48.69,48.69,0
C0108,David Davis,South America,2022-09-28,T00898,P081,2024-07-26 21:44:47,1,66.32,66.32,0
C0108,David Davis,South America,2022-09-28,T00848,P011,2024-09-25 1:50:13,2,522.4,261.2,0
C0108,David Davis,South America,2022-09-28,T00360,P075,2024-05-29 17:04:29,3,1493.28,497.76,1
C0108,David Davis,South America,2022-09-28,T00185,P028,2024-03-07 3:54:06,4,942.32,235.58,1
C0108,David Davis,South America,2022-09-28,T00817,P024,2024-10-02 22:07:40,2,677.32,338.66,0
C0108,David Davis,South America,2022-09-28,T00603,P046,2024-05-15 16:06:03,3,1098.21,366.07,1
C0109,Abigail Jones,North America,2022-05-09,T00093,P034,2024-08-11 4:10:13,4,868.2,217.05,2
C0109,Abigail Jones,North America,2022-05-09,T00961,P095,2024-11-02 1:55:05,3,681.78,227.26,4
C0109,Abigail Jones,North America,2022-05-09,T00032,P038,2024-11-07 1:47:33,4,588.88,147.22,2
C0109,Abigail Jones,North America,2022-05-09,T00381,P003,2024-08-16 19:39:33,4,176.48,44.12,2
C0109,Abigail Jones,North America,2022-05-09,T00283,P100,2024-07-16 14:50:07,4,505.36,126.34,2
C0109,Abigail Jones,North America,2022-05-09,T00301,P100,2024-07-13 8:15:45,2,252.68,126.34,6
C0109,Abigail Jones,North America,2022-05-09,T00291,P089,2024-01-27 6:14:19,2,441.82,220.91,6
C0109,Abigail Jones,North America,2022-05-09,T00639,P055,2024-03-12 3:33:00,3,385.59,128.53,2
C0109,Abigail Jones,North America,2022-05-09,T00935,P029,2024-09-21 9:44:39,1,433.64,433.64,6
C0109,Abigail Jones,North America,2022-05-09,T00976,P019,2024-08-07 1:34:06,2,770.74,385.37,4
C0109,Abigail Jones,North America,2022-05-09,T00241,P071,2024-07-08 16:06:55,3,382.08,127.36,2
C0110,Elizabeth Wells,Asia,2024-09-21,T00527,P028,2024-01-02 19:11:34,4,942.32,235.58,5
C0111,Roger David,Europe,2024-11-13,T00726,P038,2024-12-12 18:56:02,1,147.22,147.22,6
C0111,Roger David,Europe,2024-11-13,T00991,P003,2024-01-26 22:34:43,3,132.36,44.12,4
C0111,Roger David,Europe,2024-11-13,T00683,P016,2024-01-27 21:34:25,4,1320.2,330.05,5
C0111,Roger David,Europe,2024-11-13,T00486,P081,2024-07-03 7:27:54,4,265.28,66.32,2
C0111,Roger David,Europe,2024-11-13,T00317,P073,2024-06-19 15:07:10,4,107.96,26.99,2
C0112,Brian Adkins,South America,2022-07-07,T00981,P058,2024-07-10 2:32:56,4,630.48,157.62,2
C0112,Brian Adkins,South America,2022-07-07,T00979,P050,2024-05-08 3:42:39,3,1312.95,437.65,1
C0112,Brian Adkins,South America,2022-07-07,T00584,P056,2024-06-02 17:24:55,1,16.08,16.08,0
C0113,Joseph Ortiz Jr.,South America,2022-06-17,T00228,P069,2024-04-21 19:52:01,2,201.62,100.81,0
C0113,Joseph Ortiz Jr.,South America,2022-06-17,T00276,P010,2024-11-27 17:12:27,3,1050.39,350.13,1
C0113,Joseph Ortiz Jr.,South America,2022-06-17,T00240,P076,2024-01-24 2:35:57,1,429.29,429.29,0
C0113,Joseph Ortiz Jr.,South America,2022-06-17,T00045,P078,2024-07-09 2:53:14,4,164.72,41.18,2
C0113,Joseph Ortiz Jr.,South America,2022-06-17,T00123,P078,2024-07-25 17:05:14,2,82.36,41.18,0
C0113,Joseph Ortiz Jr.,South America,2022-06-17,T00390,P089,2024-02-04 7:33:04,4,883.64,220.91,1
C0113,Joseph Ortiz Jr.,South America,2022-06-17,T00917,P090,2024-01-18 9:04:29,2,330.6,165.3,0
C0113,Joseph Ortiz Jr.,South America,2022-06-17,T00427,P079,2024-02-05 19:46:58,4,1669.48,417.37,1
C0114,Benjamin Anderson,Europe,2024-11-18,T00403,P061,2024-02-21 15:52:59,4,627.84,156.96,5
C0114,Benjamin Anderson,Europe,2024-11-18,T00523,P039,2024-03-15 12:05:37,3,1291.77,430.59,5
C0114,Benjamin Anderson,Europe,2024-11-18,T00424,P088,2024-09-23 4:35:24,4,1054.2,263.55,5
C0114,Benjamin Anderson,Europe,2024-11-18,T00931,P043,2024-09-04 22:08:05,4,1617.6,404.4,5
C0114,Benjamin Anderson,Europe,2024-11-18,T00788,P020,2024-06-13 12:58:37,3,1189.02,396.34,5
C0115,Joshua Hamilton,Asia,2024-11-11,T00356,P043,2024-12-22 17:19:08,4,1617.6,404.4,5
C0115,Joshua Hamilton,Asia,2024-11-11,T00849,P098,2024-01-31 9:08:09,2,599.86,299.93,3
C0115,Joshua Hamilton,Asia,2024-11-11,T00959,P037,2024-09-29 10:16:02,2,919.72,459.86,3
C0116,James Martinez,North America,2024-09-11,T00235,P084,2024-01-31 11:17:38,2,675.82,337.91,4
C0116,James Martinez,North America,2024-09-11,T00386,P051,2024-09-03 3:40:56,4,260.64,65.16,2
C0116,James Martinez,North America,2024-09-11,T00924,P066,2024-04-02 0:16:13,1,337.22,337.22,6
C0116,James Martinez,North America,2024-09-11,T00688,P064,2024-05-22 4:00:43,1,452.42,452.42,6
C0116,James Martinez,North America,2024-09-11,T00937,P090,2024-10-30 8:16:03,1,165.3,165.3,6
C0116,James Martinez,North America,2024-09-11,T00975,P029,2024-06-16 15:47:00,2,867.28,433.64,4
C0117,Jeffrey Mcmahon,North America,2024-11-22,T00913,P038,2024-02-08 17:57:52,1,147.22,147.22,6
C0117,Jeffrey Mcmahon,North America,2024-11-22,T00724,P096,2024-07-22 23:34:18,3,922.41,307.47,4
C0117,Jeffrey Mcmahon,North America,2024-11-22,T00147,P099,2024-08-05 20:03:50,4,1417.16,354.29,1
C0117,Jeffrey Mcmahon,North America,2024-11-22,T00339,P019,2024-05-03 3:39:17,4,1541.48,385.37,1
C0118,Jacob Holt,South America,2022-01-22,T00201,P013,2024-11-14 13:58:43,1,114.2,114.2,0
C0118,Jacob Holt,South America,2022-01-22,T00662,P058,2024-11-08 12:43:10,1,157.62,157.62,0
C0118,Jacob Holt,South America,2022-01-22,T00844,P048,2024-12-18 4:17:20,4,1665.6,416.4,1
C0118,Jacob Holt,South America,2022-01-22,T00139,P065,2024-04-13 2:29:41,1,427.61,427.61,0
C0118,Jacob Holt,South America,2022-01-22,T00335,P093,2024-04-06 9:26:36,2,609.88,304.94,0
C0118,Jacob Holt,South America,2022-01-22,T00496,P037,2024-10-24 8:30:27,1,459.86,459.86,0
C0119,David Armstrong,Europe,2023-11-13,T00538,P040,2024-04-26 17:37:36,2,306.38,153.19,6
C0119,David Armstrong,Europe,2023-11-13,T00476,P061,2024-02-07 4:03:23,1,156.96,156.96,6
C0119,David Armstrong,Europe,2023-11-13,T00698,P011,2024-12-26 21:34:07,1,261.2,261.2,6
C0119,David Armstrong,Europe,2023-11-13,T00748,P096,2024-10-13 16:15:16,1,307.47,307.47,6
C0119,David Armstrong,Europe,2023-11-13,T00179,P012,2024-11-27 8:06:10,1,159.6,159.6,6
C0120,Francisco Diaz,South America,2023-01-13,T00492,P057,2024-08-08 5:40:02,3,719.1,239.7,2
C0120,Francisco Diaz,South America,2023-01-13,T00245,P089,2024-04-28 20:01:47,4,883.64,220.91,1
C0120,Francisco Diaz,South America,2023-01-13,T00593,P029,2024-04-01 7:30:59,2,867.28,433.64,0
C0121,Mark Atkinson,Europe,2023-07-23,T00567,P049,2024-09-27 23:40:32,2,295.9,147.95,6
C0121,Mark Atkinson,Europe,2023-07-23,T00140,P069,2024-03-18 9:16:33,2,201.62,100.81,6
C0121,Mark Atkinson,Europe,2023-07-23,T00895,P022,2024-05-03 18:35:03,3,412.62,137.54,4
C0121,Mark Atkinson,Europe,2023-07-23,T00562,P026,2024-07-06 11:32:13,1,64.38,64.38,6
C0122,Corey Ruiz,North America,2022-05-06,T00800,P095,2024-08-25 16:04:54,3,681.78,227.26,4
C0122,Corey Ruiz,North America,2022-05-06,T00944,P062,2024-10-08 19:57:08,2,748.32,374.16,4
C0122,Corey Ruiz,North America,2022-05-06,T00986,P010,2024-05-20 10:52:21,2,700.26,350.13,4
C0122,Corey Ruiz,North America,2022-05-06,T00265,P084,2024-03-19 0:50:12,1,337.91,337.91,6
C0122,Corey Ruiz,North America,2022-05-06,T00693,P042,2024-12-17 19:17:17,4,1517.76,379.44,1
C0122,Corey Ruiz,North America,2022-05-06,T00125,P033,2024-01-26 5:19:40,2,128.5,64.25,6
C0122,Corey Ruiz,North America,2022-05-06,T00182,P097,2024-05-08 22:24:58,3,958.02,319.34,4
C0123,Jason Johnston,Asia,2023-11-05,T00470,P049,2024-11-13 17:36:31,1,147.95,147.95,3
C0123,Jason Johnston,Asia,2023-11-05,T00294,P079,2024-08-23 23:45:25,3,1252.11,417.37,5
C0124,Lindsay Perez,Europe,2024-08-26,T00269,P053,2024-02-06 16:22:41,4,1099.76,274.94,5
C0124,Lindsay Perez,Europe,2024-08-26,T00203,P054,2024-03-31 16:50:02,4,229.2,57.3,2
C0124,Lindsay Perez,Europe,2024-08-26,T00027,P086,2024-03-30 21:17:42,2,881.4,440.7,4
C0124,Lindsay Perez,Europe,2024-08-26,T00050,P016,2024-10-07 7:58:38,1,330.05,330.05,6
C0124,Lindsay Perez,Europe,2024-08-26,T00742,P022,2024-03-23 5:53:50,2,275.08,137.54,6
C0124,Lindsay Perez,Europe,2024-08-26,T00478,P006,2024-04-12 12:07:07,4,485.28,121.32,2
C0124,Lindsay Perez,Europe,2024-08-26,T00625,P045,2024-07-02 9:34:25,2,963.56,481.78,4
C0125,Nicholas Taylor,North America,2022-12-18,T00852,P069,2024-08-24 9:50:55,3,302.43,100.81,2
C0125,Nicholas Taylor,North America,2022-12-18,T00261,P041,2024-02-20 6:00:07,2,912.56,456.28,4
C0125,Nicholas Taylor,North America,2022-12-18,T00315,P010,2024-04-03 21:46:38,3,1050.39,350.13,4
C0125,Nicholas Taylor,North America,2022-12-18,T00266,P099,2024-02-27 18:25:58,2,708.58,354.29,4
C0126,Caitlin Brown,South America,2024-02-20,T00281,P070,2024-09-24 16:29:36,1,48.69,48.69,0
C0126,Caitlin Brown,South America,2024-02-20,T00493,P086,2024-11-28 19:01:58,4,1762.8,440.7,1
C0126,Caitlin Brown,South America,2024-02-20,T00061,P032,2024-01-16 0:42:19,2,977.26,488.63,0
C0126,Caitlin Brown,South America,2024-02-20,T00225,P066,2024-06-20 4:11:50,3,1011.66,337.22,1
C0126,Caitlin Brown,South America,2024-02-20,T00720,P090,2024-01-08 11:31:27,1,165.3,165.3,0
C0126,Caitlin Brown,South America,2024-02-20,T00412,P098,2024-11-08 14:50:40,2,599.86,299.93,0
C0127,Kathryn Stevens,Europe,2024-04-04,T00166,P067,2024-04-25 7:38:55,1,300.68,300.68,6
C0127,Kathryn Stevens,Europe,2024-04-04,T00444,P084,2024-02-08 3:30:38,1,337.91,337.91,6
C0127,Kathryn Stevens,Europe,2024-04-04,T00116,P032,2024-08-15 21:51:12,1,488.63,488.63,6
C0127,Kathryn Stevens,Europe,2024-04-04,T00082,P088,2024-08-25 5:43:29,1,263.55,263.55,6
C0127,Kathryn Stevens,Europe,2024-04-04,T00305,P028,2024-01-18 15:08:21,4,942.32,235.58,5
C0127,Kathryn Stevens,Europe,2024-04-04,T00543,P098,2024-09-20 8:12:56,3,899.79,299.93,4
C0128,Henry Leach,Asia,2023-05-29,T00455,P023,2024-01-08 16:14:35,1,454.53,454.53,3
C0128,Henry Leach,Asia,2023-05-29,T00443,P047,2024-05-26 8:08:36,2,318.66,159.33,3
C0129,Marcus Livingston,South America,2024-04-14,T00906,P059,2024-10-10 12:25:03,4,1212.8,303.2,1
C0129,Marcus Livingston,South America,2024-04-14,T00311,P009,2024-09-30 0:40:17,2,650.02,325.01,0
C0129,Marcus Livingston,South America,2024-04-14,T00989,P015,2024-05-28 14:48:17,3,476.79,158.93,2
C0130,Robert Jones,South America,2023-04-19,T00631,P067,2024-05-14 23:14:59,2,601.36,300.68,0
C0131,Scott Wilson,North America,2022-06-05,T00297,P051,2024-01-18 1:32:18,3,195.48,65.16,2
C0131,Scott Wilson,North America,2022-06-05,T00682,P017,2024-04-01 10:10:17,2,939.54,469.77,4
C0131,Scott Wilson,North America,2022-06-05,T00151,P043,2024-12-19 17:58:21,2,808.8,404.4,4
C0132,Lisa Jackson,Europe,2023-02-01,T00239,P049,2024-12-06 19:03:54,2,295.9,147.95,6
C0132,Lisa Jackson,Europe,2023-02-01,T00970,P049,2024-11-17 6:14:00,4,591.8,147.95,5
C0132,Lisa Jackson,Europe,2023-02-01,T00734,P045,2024-09-29 16:20:32,2,963.56,481.78,4
C0133,Gwendolyn Carter,South America,2023-03-11,T00968,P053,2024-12-05 17:47:19,4,1099.76,274.94,1
C0133,Gwendolyn Carter,South America,2023-03-11,T00749,P023,2024-06-20 19:04:58,2,909.06,454.53,0
C0133,Gwendolyn Carter,South America,2023-03-11,T00441,P071,2024-02-03 8:15:00,4,509.44,127.36,2
C0133,Gwendolyn Carter,South America,2023-03-11,T00943,P046,2024-01-01 10:21:22,1,366.07,366.07,0
C0134,Theresa Gonzalez,Asia,2022-02-19,T00846,P087,2024-11-10 10:56:19,4,1160.68,290.17,5
C0134,Theresa Gonzalez,Asia,2022-02-19,T00712,P011,2024-09-23 6:44:40,3,783.6,261.2,5
C0134,Theresa Gonzalez,Asia,2022-02-19,T00273,P006,2024-04-14 11:32:12,4,485.28,121.32,5
C0134,Theresa Gonzalez,Asia,2022-02-19,T00804,P035,2024-12-10 6:40:49,4,122.36,30.59,3
C0134,Theresa Gonzalez,Asia,2022-02-19,T00559,P071,2024-04-28 14:16:10,1,127.36,127.36,3
C0135,Toni Weaver,Europe,2022-08-23,T00725,P062,2024-10-03 20:53:23,2,748.32,374.16,4
C0135,Toni Weaver,Europe,2022-08-23,T00430,P003,2024-05-16 3:37:41,2,88.24,44.12,6
C0135,Toni Weaver,Europe,2022-08-23,T00713,P079,2024-01-22 2:25:06,2,834.74,417.37,4
C0135,Toni Weaver,Europe,2022-08-23,T00380,P046,2024-01-04 16:40:50,4,1464.28,366.07,5
C0136,Kristen Holder,Asia,2024-03-14,T00232,P069,2024-11-10 22:04:36,3,302.43,100.81,3
C0136,Kristen Holder,Asia,2024-03-14,T00026,P051,2024-02-01 8:58:02,3,195.48,65.16,3
C0136,Kristen Holder,Asia,2024-03-14,T00047,P047,2024-04-23 17:09:27,4,637.32,159.33,5
C0136,Kristen Holder,Asia,2024-03-14,T00491,P030,2024-06-07 8:52:46,4,1111.44,277.86,5
C0136,Kristen Holder,Asia,2024-03-14,T00440,P021,2024-07-24 0:20:52,3,1007.52,335.84,5
C0136,Kristen Holder,Asia,2024-03-14,T00977,P011,2024-01-16 15:56:05,4,1044.8,261.2,5
C0137,Robert Gardner,South America,2024-04-09,T00633,P003,2024-03-20 23:29:34,3,132.36,44.12,2
C0137,Robert Gardner,South America,2024-04-09,T00877,P021,2024-01-31 15:36:46,2,671.68,335.84,0
C0137,Robert Gardner,South America,2024-04-09,T00571,P017,2024-02-01 15:50:43,2,939.54,469.77,0
C0137,Robert Gardner,South America,2024-04-09,T00747,P004,2024-12-23 23:09:50,1,95.69,95.69,0
C0137,Robert Gardner,South America,2024-04-09,T00643,P075,2024-05-21 9:00:57,3,1493.28,497.76,1
C0138,Cynthia Clayton,Asia,2024-11-01,T00664,P062,2024-10-02 22:44:16,4,1496.64,374.16,5
C0138,Cynthia Clayton,Asia,2024-11-01,T00679,P006,2024-09-06 20:35:41,4,485.28,121.32,5
C0138,Cynthia Clayton,Asia,2024-11-01,T00595,P019,2024-07-11 20:27:51,4,1541.48,385.37,5
C0138,Cynthia Clayton,Asia,2024-11-01,T00409,P079,2024-12-18 4:06:47,4,1669.48,417.37,5
C0138,Cynthia Clayton,Asia,2024-11-01,T00766,P079,2024-02-02 2:54:00,1,417.37,417.37,3
C0139,Ricky Gutierrez,North America,2022-03-14,T00952,P053,2024-10-06 6:02:45,1,274.94,274.94,6
C0139,Ricky Gutierrez,North America,2022-03-14,T00347,P040,2024-01-24 21:50:37,2,306.38,153.19,6
C0139,Ricky Gutierrez,North America,2022-03-14,T00308,P068,2024-09-29 13:03:14,2,894.46,447.23,4
C0139,Ricky Gutierrez,North America,2022-03-14,T00080,P036,2024-04-09 7:47:04,1,372.55,372.55,6
C0139,Ricky Gutierrez,North America,2022-03-14,T00566,P058,2024-07-30 11:43:57,2,315.24,157.62,6
C0139,Ricky Gutierrez,North America,2022-03-14,T00319,P032,2024-01-17 9:48:56,1,488.63,488.63,6
C0139,Ricky Gutierrez,North America,2022-03-14,T00226,P006,2024-10-02 16:46:50,2,242.64,121.32,6
C0139,Ricky Gutierrez,North America,2022-03-14,T00837,P043,2024-09-20 4:55:33,2,808.8,404.4,4
C0140,Gregory Estrada,Asia,2023-07-01,T00345,P050,2024-08-07 9:24:39,4,1750.6,437.65,5
C0140,Gregory Estrada,Asia,2023-07-01,T00612,P022,2024-10-15 18:21:07,1,137.54,137.54,3
C0141,Paul Parsons,Europe,2023-02-23,T00041,P062,2024-02-13 23:56:36,4,1496.64,374.16,5
C0141,Paul Parsons,Europe,2023-02-23,T00439,P092,2024-07-01 14:11:51,4,1556.8,389.2,5
C0141,Paul Parsons,Europe,2023-02-23,T00316,P036,2024-12-03 18:01:55,2,745.1,372.55,4
C0141,Paul Parsons,Europe,2023-02-23,T00580,P025,2024-04-09 7:28:17,1,284.62,284.62,6
C0141,Paul Parsons,Europe,2023-02-23,T00861,P042,2024-09-26 21:52:56,4,1517.76,379.44,5
C0141,Paul Parsons,Europe,2023-02-23,T00811,P048,2024-06-03 23:59:14,4,1665.6,416.4,5
C0141,Paul Parsons,Europe,2023-02-23,T00076,P065,2024-09-23 20:32:31,3,1282.83,427.61,5
C0141,Paul Parsons,Europe,2023-02-23,T00899,P093,2024-04-30 17:03:34,1,304.94,304.94,6
C0141,Paul Parsons,Europe,2023-02-23,T00628,P064,2024-08-19 0:45:26,1,452.42,452.42,6
C0141,Paul Parsons,Europe,2023-02-23,T00289,P083,2024-12-03 21:22:02,3,1367.16,455.72,5
C0142,Nicole Long DVM,Asia,2024-02-08,T00035,P069,2024-08-20 15:26:04,2,201.62,100.81,3
C0142,Nicole Long DVM,Asia,2024-02-08,T00137,P040,2024-04-03 12:44:52,4,612.76,153.19,5
C0142,Nicole Long DVM,Asia,2024-02-08,T00678,P092,2024-12-24 20:00:42,3,1167.6,389.2,5
C0142,Nicole Long DVM,Asia,2024-02-08,T00463,P055,2024-05-25 22:37:50,2,257.06,128.53,3
C0143,Brian Parker,Asia,2024-05-27,T00262,P054,2024-01-30 22:40:57,1,57.3,57.3,3
C0143,Brian Parker,Asia,2024-05-27,T00754,P076,2024-01-30 13:30:24,3,1287.87,429.29,5
C0143,Brian Parker,Asia,2024-05-27,T00126,P014,2024-12-05 7:49:45,4,105.04,26.26,3
C0143,Brian Parker,Asia,2024-05-27,T00437,P005,2024-09-11 20:41:10,4,1717.24,429.31,5
C0143,Brian Parker,Asia,2024-05-27,T00370,P094,2024-07-17 8:52:39,3,1342.02,447.34,5
C0143,Brian Parker,Asia,2024-05-27,T00974,P094,2024-12-18 17:13:17,3,1342.02,447.34,5
C0143,Brian Parker,Asia,2024-05-27,T00578,P026,2024-03-30 23:37:50,3,193.14,64.38,3
C0144,Andrea Hart,North America,2024-09-30,T00152,P074,2024-04-17 1:46:23,4,1182.32,295.58,1
C0144,Andrea Hart,North America,2024-09-30,T00479,P035,2024-04-27 20:02:17,4,122.36,30.59,2
C0145,Wayne Stone,Asia,2023-01-13,T00615,P057,2024-07-14 7:45:15,2,479.4,239.7,3
C0145,Wayne Stone,Asia,2023-01-13,T00021,P038,2024-01-11 9:47:21,2,294.44,147.22,3
C0145,Wayne Stone,Asia,2023-01-13,T00475,P085,2024-09-28 22:39:52,2,832.7,416.35,3
C0145,Wayne Stone,Asia,2023-01-13,T00282,P059,2024-11-26 7:35:05,1,303.2,303.2,3
C0145,Wayne Stone,Asia,2023-01-13,T00588,P080,2024-04-16 21:50:49,2,607.0,303.5,3
C0145,Wayne Stone,Asia,2023-01-13,T00946,P080,2024-07-22 5:37:22,4,1214.0,303.5,5
C0145,Wayne Stone,Asia,2023-01-13,T00332,P028,2024-02-04 7:44:22,4,942.32,235.58,5
C0145,Wayne Stone,Asia,2023-01-13,T00500,P046,2024-06-17 14:12:01,3,1098.21,366.07,5
C0146,Brittany Harvey,Asia,2024-09-04,T00112,P067,2024-05-27 22:23:54,1,300.68,300.68,3
C0146,Brittany Harvey,Asia,2024-09-04,T00175,P053,2024-12-18 18:28:33,3,824.82,274.94,5
C0146,Brittany Harvey,Asia,2024-09-04,T00623,P066,2024-07-12 10:03:14,3,1011.66,337.22,5
C0146,Brittany Harvey,Asia,2024-09-04,T00222,P029,2024-05-24 22:54:41,1,433.64,433.64,3
C0147,Hunter Fuller,South America,2022-05-16,T00570,P062,2024-12-25 0:52:54,1,374.16,374.16,0
C0147,Hunter Fuller,South America,2022-05-16,T00079,P051,2024-05-09 16:33:17,1,65.16,65.16,0
C0147,Hunter Fuller,South America,2022-05-16,T00960,P081,2024-09-10 12:40:27,1,66.32,66.32,0
C0147,Hunter Fuller,South America,2022-05-16,T00357,P048,2024-11-15 23:35:14,1,416.4,416.4,0
C0147,Hunter Fuller,South America,2022-05-16,T00505,P066,2024-07-29 19:28:48,2,674.44,337.22,0
C0147,Hunter Fuller,South America,2022-05-16,T00336,P073,2024-11-16 15:45:25,3,80.97,26.99,2
C0147,Hunter Fuller,South America,2022-05-16,T00119,P018,2024-03-13 2:57:13,1,436.89,436.89,0
C0147,Hunter Fuller,South America,2022-05-16,T00393,P028,2024-05-28 10:52:05,3,706.74,235.58,2
C0147,Hunter Fuller,South America,2022-05-16,T00980,P071,2024-03-30 9:01:31,1,127.36,127.36,0
C0148,Matthew Rogers,South America,2023-04-16,T00218,P057,2024-01-17 19:40:55,3,719.1,239.7,2
C0148,Matthew Rogers,South America,2023-04-16,T00936,P040,2024-06-11 20:36:32,4,612.76,153.19,2
C0148,Matthew Rogers,South America,2023-04-16,T00049,P039,2024-06-23 14:05:49,3,1291.77,430.59,1
C0148,Matthew Rogers,South America,2023-04-16,T00521,P011,2024-06-11 2:31:18,4,1044.8,261.2,1
C0148,Matthew Rogers,South America,2023-04-16,T00912,P094,2024-10-02 16:00:54,4,1789.36,447.34,1
C0149,Tina Wilson,Europe,2023-01-21,T00346,P084,2024-04-09 16:45:10,4,1351.64,337.91,5
C0149,Tina Wilson,Europe,2023-01-21,T00652,P092,2024-04-27 1:00:06,4,1556.8,389.2,5
C0149,Tina Wilson,Europe,2023-01-21,T00955,P073,2024-08-29 14:05:41,2,53.98,26.99,6
C0149,Tina Wilson,Europe,2023-01-21,T00969,P012,2024-07-30 8:34:58,3,478.8,159.6,4
C0149,Tina Wilson,Europe,2023-01-21,T00598,P045,2024-05-24 9:32:01,2,963.56,481.78,4
C0150,Angela Williams,South America,2022-09-13,T00005,P087,2024-05-25 17:44:48,2,580.34,290.17,0
C0151,Amber Gonzalez,South America,2024-11-22,T00369,P082,2024-12-24 11:40:24,4,223.96,55.99,2
C0152,Justin Evans,South America,2022-04-19,T00169,P051,2024-06-09 15:20:30,1,65.16,65.16,0
C0152,Justin Evans,South America,2022-04-19,T00416,P058,2024-01-13 10:46:55,1,157.62,157.62,0
C0152,Justin Evans,South America,2022-04-19,T00529,P072,2024-10-21 6:20:03,3,1198.02,399.34,1
C0152,Justin Evans,South America,2022-04-19,T00325,P074,2024-06-22 20:59:16,1,295.58,295.58,0
C0152,Justin Evans,South America,2022-04-19,T00205,P079,2024-04-09 9:14:53,4,1669.48,417.37,1
C0153,Justin Smith,South America,2022-03-20,T00692,P062,2024-06-30 22:09:50,2,748.32,374.16,0
C0153,Justin Smith,South America,2022-03-20,T00020,P007,2024-07-16 22:33:47,4,1680.6,420.15,1
C0153,Justin Smith,South America,2022-03-20,T00102,P003,2024-07-20 16:04:49,2,88.24,44.12,0
C0153,Justin Smith,South America,2022-03-20,T00681,P058,2024-09-05 7:22:52,4,630.48,157.62,2
C0153,Justin Smith,South America,2022-03-20,T00167,P016,2024-07-05 11:53:41,3,990.15,330.05,1
C0153,Justin Smith,South America,2022-03-20,T00714,P080,2024-09-11 11:58:00,2,607.0,303.5,0
C0154,Robert Sharp,North America,2024-10-27,T00358,P034,2024-04-08 20:47:01,1,217.05,217.05,6
C0154,Robert Sharp,North America,2024-10-27,T00252,P022,2024-06-12 22:59:30,1,137.54,137.54,6
C0154,Robert Sharp,North America,2024-10-27,T00550,P048,2024-04-24 5:30:39,3,1249.2,416.4,1
C0154,Robert Sharp,North America,2024-10-27,T00845,P083,2023-12-31 15:44:04,2,911.44,455.72,4
C0154,Robert Sharp,North America,2024-10-27,T00966,P094,2024-03-04 5:11:01,2,894.68,447.34,4
C0154,Robert Sharp,North America,2024-10-27,T00934,P008,2024-09-19 14:18:33,2,293.7,146.85,6
C0155,Michelle Brown,South America,2023-03-23,T00797,P067,2024-10-04 20:42:53,2,601.36,300.68,0
C0155,Michelle Brown,South America,2023-03-23,T00146,P062,2024-07-24 7:11:44,2,748.32,374.16,0
C0155,Michelle Brown,South America,2023-03-23,T00894,P076,2024-09-12 9:37:09,2,858.58,429.29,0
C0155,Michelle Brown,South America,2023-03-23,T00904,P050,2024-01-17 3:47:03,1,437.65,437.65,0
C0155,Michelle Brown,South America,2023-03-23,T00371,P048,2024-05-15 23:20:02,4,1665.6,416.4,1
C0155,Michelle Brown,South America,2023-03-23,T00572,P043,2024-09-21 21:57:20,2,808.8,404.4,0
C0155,Michelle Brown,South America,2023-03-23,T00253,P026,2024-11-11 3:36:18,4,257.52,64.38,2
C0156,William Adams,North America,2023-08-19,T00190,P062,2024-09-25 19:36:27,2,748.32,374.16,4
C0156,William Adams,North America,2023-08-19,T00699,P054,2024-04-21 22:39:45,3,171.9,57.3,2
C0156,William Adams,North America,2023-08-19,T00565,P007,2024-12-15 0:35:54,2,840.3,420.15,4
C0156,William Adams,North America,2023-08-19,T00824,P058,2024-05-20 12:30:20,1,157.62,157.62,6
C0156,William Adams,North America,2023-08-19,T00984,P050,2024-05-04 11:33:18,4,1750.6,437.65,1
C0156,William Adams,North America,2023-08-19,T00740,P100,2024-08-24 19:10:31,4,505.36,126.34,2
C0156,William Adams,North America,2023-08-19,T00775,P059,2024-10-05 6:56:28,1,303.2,303.2,6
C0156,William Adams,North America,2023-08-19,T00882,P059,2024-09-21 14:11:57,3,909.6,303.2,4
C0156,William Adams,North America,2023-08-19,T00526,P015,2024-01-01 16:46:56,4,635.72,158.93,2
C0156,William Adams,North America,2023-08-19,T00120,P083,2024-02-27 16:09:00,1,455.72,455.72,6
C0156,William Adams,North America,2023-08-19,T00209,P019,2024-09-06 12:12:21,3,1156.11,385.37,1
C0157,Miguel Wong,North America,2024-01-30,T00564,P067,2024-12-07 17:57:40,3,902.04,300.68,4
C0157,Miguel Wong,North America,2024-01-30,T00590,P051,2024-05-04 20:38:52,2,130.32,65.16,6
C0157,Miguel Wong,North America,2024-01-30,T00738,P013,2024-03-19 16:14:11,3,342.6,114.2,2
C0157,Miguel Wong,North America,2024-01-30,T00737,P021,2024-05-19 6:37:56,1,335.84,335.84,6
C0157,Miguel Wong,North America,2024-01-30,T00220,P090,2024-06-21 15:09:45,1,165.3,165.3,6
C0158,Wendy Browning,South America,2023-04-12,T00501,P023,2024-09-04 16:19:42,3,1363.59,454.53,1
C0158,Wendy Browning,South America,2023-04-12,T00106,P076,2024-09-12 9:25:47,4,1717.16,429.29,1
C0158,Wendy Browning,South America,2023-04-12,T00457,P021,2024-07-18 20:01:21,1,335.84,335.84,0
C0158,Wendy Browning,South America,2023-04-12,T00244,P098,2024-01-04 14:19:41,1,299.93,299.93,0
C0159,Austin Miller,Asia,2022-08-06,T00785,P038,2024-03-26 0:51:36,1,147.22,147.22,3
C0159,Austin Miller,Asia,2022-08-06,T00539,P047,2024-12-13 17:21:14,4,637.32,159.33,5
C0159,Austin Miller,Asia,2022-08-06,T00487,P076,2024-07-21 4:34:35,3,1287.87,429.29,5
C0160,Jodi Cook,North America,2022-04-05,T00728,P038,2024-02-08 22:57:38,1,147.22,147.22,6
C0160,Jodi Cook,North America,2022-04-05,T00199,P068,2024-01-07 9:51:12,1,447.23,447.23,6
C0160,Jodi Cook,North America,2022-04-05,T00522,P078,2024-03-03 9:40:08,4,164.72,41.18,2
C0160,Jodi Cook,North America,2022-04-05,T00300,P022,2024-08-16 8:44:30,4,550.16,137.54,2
C0160,Jodi Cook,North America,2022-04-05,T00907,P043,2024-02-15 17:18:56,4,1617.6,404.4,1
C0161,Jessica Warren,Asia,2022-03-14,T00818,P049,2024-01-01 3:54:19,1,147.95,147.95,3
C0161,Jessica Warren,Asia,2022-03-14,T00204,P007,2024-01-31 1:11:48,2,840.3,420.15,3
C0161,Jessica Warren,Asia,2022-03-14,T00115,P100,2024-03-10 2:22:50,1,126.34,126.34,3
C0161,Jessica Warren,Asia,2022-03-14,T00601,P011,2024-08-15 3:06:41,1,261.2,261.2,3
C0161,Jessica Warren,Asia,2022-03-14,T00794,P096,2024-05-20 6:17:43,1,307.47,307.47,3
C0161,Jessica Warren,Asia,2022-03-14,T00096,P073,2024-03-23 0:07:54,3,80.97,26.99,3
C0161,Jessica Warren,Asia,2022-03-14,T00367,P075,2024-03-27 7:31:28,2,995.52,497.76,3
C0161,Jessica Warren,Asia,2022-03-14,T00591,P071,2024-07-05 10:29:31,3,382.08,127.36,3
C0162,Edwin Watson,Asia,2022-03-29,T00011,P062,2024-04-03 3:46:50,1,374.16,374.16,3
C0162,Edwin Watson,Asia,2022-03-29,T00642,P060,2024-08-06 20:12:35,4,622.6,155.65,5
C0162,Edwin Watson,Asia,2022-03-29,T00710,P010,2024-01-13 9:31:27,1,350.13,350.13,3
C0162,Edwin Watson,Asia,2022-03-29,T00859,P050,2024-01-11 14:19:36,3,1312.95,437.65,5
C0162,Edwin Watson,Asia,2022-03-29,T00573,P025,2024-11-17 4:21:44,3,853.86,284.62,5
C0162,Edwin Watson,Asia,2022-03-29,T00477,P009,2024-10-14 15:50:39,3,975.03,325.01,5
C0162,Edwin Watson,Asia,2022-03-29,T00233,P082,2024-02-16 11:29:31,1,55.99,55.99,3
C0162,Edwin Watson,Asia,2022-03-29,T00290,P026,2024-01-29 11:31:41,4,257.52,64.38,3
C0163,Tiffany Cain,South America,2023-06-08,T00422,P061,2024-05-11 7:45:26,3,470.88,156.96,2
C0163,Tiffany Cain,South America,2023-06-08,T00223,P074,2024-04-29 10:25:40,1,295.58,295.58,0
C0163,Tiffany Cain,South America,2023-06-08,T00382,P074,2024-03-01 16:19:14,4,1182.32,295.58,1
C0163,Tiffany Cain,South America,2023-06-08,T00680,P029,2024-07-18 0:10:42,4,1734.56,433.64,1
C0163,Tiffany Cain,South America,2023-06-08,T00159,P002,2024-10-12 3:12:30,4,1385.2,346.3,1
C0163,Tiffany Cain,South America,2023-06-08,T00915,P028,2024-07-26 15:47:31,3,706.74,235.58,2
C0164,Morgan Perez,Europe,2023-06-01,T00997,P023,2024-11-01 23:04:56,4,1818.12,454.53,5
C0164,Morgan Perez,Europe,2023-06-01,T00117,P096,2024-03-25 7:41:04,2,614.94,307.47,4
C0164,Morgan Perez,Europe,2023-06-01,T00446,P035,2024-02-25 3:48:50,2,61.18,30.59,6
C0164,Morgan Perez,Europe,2023-06-01,T00334,P004,2024-02-22 14:01:23,1,95.69,95.69,6
C0164,Morgan Perez,Europe,2023-06-01,T00176,P075,2024-10-20 16:20:50,1,497.76,497.76,6
C0165,Juan Mcdaniel,South America,2022-04-09,T00210,P054,2024-08-15 15:59:47,2,114.6,57.3,0
C0165,Juan Mcdaniel,South America,2022-04-09,T00327,P054,2024-11-27 10:42:19,2,114.6,57.3,0
C0165,Juan Mcdaniel,South America,2022-04-09,T00587,P086,2024-08-09 8:58:30,4,1762.8,440.7,1
C0165,Juan Mcdaniel,South America,2022-04-09,T00287,P068,2024-12-26 6:46:12,4,1788.92,447.23,1
C0165,Juan Mcdaniel,South America,2022-04-09,T00988,P052,2024-09-06 6:43:42,4,1419.24,354.81,1
C0165,Juan Mcdaniel,South America,2022-04-09,T00213,P029,2024-02-15 7:07:11,3,1300.92,433.64,1
C0165,Juan Mcdaniel,South America,2022-04-09,T00672,P044,2024-07-28 0:09:49,4,75.28,18.82,2
C0165,Juan Mcdaniel,South America,2022-04-09,T00711,P044,2024-06-11 15:51:14,4,75.28,18.82,2
C0165,Juan Mcdaniel,South America,2022-04-09,T00878,P044,2024-09-24 21:15:21,3,56.46,18.82,2
C0166,John Rogers,Europe,2022-02-13,T00018,P010,2024-09-21 22:21:26,3,1050.39,350.13,5
C0166,John Rogers,Europe,2022-02-13,T00635,P078,2024-07-25 2:34:05,4,164.72,41.18,2
C0166,John Rogers,Europe,2022-02-13,T00796,P074,2024-08-12 5:20:19,3,886.74,295.58,4
C0166,John Rogers,Europe,2022-02-13,T00150,P080,2024-10-22 12:08:25,1,303.5,303.5,6
C0167,Brandy Welch,Europe,2024-01-27,T00206,P087,2024-05-05 5:32:27,2,580.34,290.17,4
C0167,Brandy Welch,Europe,2024-01-27,T00128,P061,2024-10-01 14:05:25,3,470.88,156.96,4
C0167,Brandy Welch,Europe,2024-01-27,T00072,P048,2024-05-23 19:17:40,3,1249.2,416.4,5
C0168,Karen Clements MD,South America,2022-12-13,T00034,P041,2024-01-09 11:00:50,4,1825.12,456.28,1
C0168,Karen Clements MD,South America,2022-12-13,T00086,P039,2024-07-14 14:57:44,3,1291.77,430.59,1
C0168,Karen Clements MD,South America,2022-12-13,T00121,P043,2024-10-23 6:09:51,4,1617.6,404.4,1
C0168,Karen Clements MD,South America,2022-12-13,T00474,P097,2024-04-01 14:59:11,1,319.34,319.34,0
C0169,Jennifer Shaw,South America,2023-04-13,T00826,P003,2024-07-20 11:22:47,2,88.24,44.12,0
C0169,Jennifer Shaw,South America,2023-04-13,T00415,P011,2024-03-13 6:04:36,4,1044.8,261.2,1
C0169,Jennifer Shaw,South America,2023-04-13,T00558,P017,2024-11-29 23:39:00,4,1879.08,469.77,1
C0169,Jennifer Shaw,South America,2023-04-13,T00351,P052,2024-12-03 17:26:43,4,1419.24,354.81,1
C0169,Jennifer Shaw,South America,2023-04-13,T00157,P044,2024-11-09 9:07:36,2,37.64,18.82,0
C0169,Jennifer Shaw,South America,2023-04-13,T00949,P056,2024-02-16 14:52:24,4,64.32,16.08,2
C0170,Logan Harris,Europe,2023-09-13,T00268,P030,2024-05-20 10:53:24,1,277.86,277.86,6
C0170,Logan Harris,Europe,2023-09-13,T00885,P074,2024-09-13 7:08:30,3,886.74,295.58,4
C0170,Logan Harris,Europe,2023-09-13,T00883,P089,2024-05-10 3:22:49,4,883.64,220.91,5
C0170,Logan Harris,Europe,2023-09-13,T00264,P019,2024-01-12 10:17:10,4,1541.48,385.37,5
C0170,Logan Harris,Europe,2023-09-13,T00707,P094,2024-05-27 15:48:49,3,1342.02,447.34,5
C0171,Michael Cowan,South America,2022-12-16,T00884,P054,2024-01-28 18:40:51,3,171.9,57.3,2
C0171,Michael Cowan,South America,2022-12-16,T00406,P040,2024-02-18 0:12:39,2,306.38,153.19,0
C0171,Michael Cowan,South America,2022-12-16,T00691,P086,2024-01-13 11:31:31,3,1322.1,440.7,1
C0171,Michael Cowan,South America,2022-12-16,T00867,P032,2024-10-23 16:23:33,3,1465.89,488.63,1
C0171,Michael Cowan,South America,2022-12-16,T00224,P017,2024-07-06 23:53:24,4,1879.08,469.77,1
C0172,Jamie Webb,Europe,2024-09-09,T00561,P069,2024-05-14 14:21:56,1,100.81,100.81,6
C0172,Jamie Webb,Europe,2024-09-09,T00574,P003,2024-07-23 20:01:12,1,44.12,44.12,6
C0172,Jamie Webb,Europe,2024-09-09,T00191,P050,2024-11-21 12:52:03,1,437.65,437.65,6
C0172,Jamie Webb,Europe,2024-09-09,T00816,P078,2024-09-25 6:56:25,2,82.36,41.18,6
C0172,Jamie Webb,Europe,2024-09-09,T00743,P074,2024-01-21 13:21:23,3,886.74,295.58,4
C0172,Jamie Webb,Europe,2024-09-09,T00651,P009,2024-06-12 22:33:14,2,650.02,325.01,4
C0173,Francisco Young,Asia,2022-10-06,T00923,P049,2024-07-19 10:31:02,1,147.95,147.95,3
C0173,Francisco Young,Asia,2022-10-06,T00007,P023,2024-05-06 18:05:22,4,1818.12,454.53,5
C0173,Francisco Young,Asia,2022-10-06,T00343,P041,2024-01-02 11:54:22,1,456.28,456.28,3
C0173,Francisco Young,Asia,2022-10-06,T00178,P027,2024-01-05 13:14:07,2,458.12,229.06,3
C0173,Francisco Young,Asia,2022-10-06,T00465,P032,2024-05-24 16:11:23,2,977.26,488.63,3
C0173,Francisco Young,Asia,2022-10-06,T00387,P081,2024-05-18 16:57:20,3,198.96,66.32,3
C0173,Francisco Young,Asia,2022-10-06,T00641,P004,2024-01-02 15:02:39,3,287.07,95.69,3
C0173,Francisco Young,Asia,2022-10-06,T00900,P046,2024-09-01 18:30:22,4,1464.28,366.07,5
C0174,Tracy Steele,South America,2022-11-03,T00304,P025,2024-12-12 13:59:40,1,284.62,284.62,0
C0174,Tracy Steele,South America,2022-11-03,T00786,P048,2024-08-07 22:11:19,4,1665.6,416.4,1
C0174,Tracy Steele,South America,2022-11-03,T00104,P063,2024-01-12 3:22:30,3,100.77,33.59,2
C0174,Tracy Steele,South America,2022-11-03,T00254,P043,2024-06-30 15:44:26,2,808.8,404.4,0
C0174,Tracy Steele,South America,2022-11-03,T00454,P056,2024-11-10 8:32:31,2,32.16,16.08,0
C0175,Matthew Johnson,Asia,2022-04-16,T00607,P051,2024-10-04 1:18:02,4,260.64,65.16,3
C0175,Matthew Johnson,Asia,2022-04-16,T00107,P047,2024-09-25 20:31:49,3,477.99,159.33,3
C0175,Matthew Johnson,Asia,2022-04-16,T00709,P076,2024-09-30 5:29:31,1,429.29,429.29,3
C0175,Matthew Johnson,Asia,2022-04-16,T00400,P059,2024-04-24 0:16:33,2,606.4,303.2,3
C0175,Matthew Johnson,Asia,2022-04-16,T00280,P048,2024-05-09 17:38:43,2,832.8,416.4,3
C0175,Matthew Johnson,Asia,2022-04-16,T00378,P063,2024-08-03 22:08:12,3,100.77,33.59,3
C0175,Matthew Johnson,Asia,2022-04-16,T00596,P066,2024-09-30 11:36:49,1,337.22,337.22,3
C0175,Matthew Johnson,Asia,2022-04-16,T00109,P064,2024-11-20 9:53:42,4,1809.68,452.42,5
C0175,Matthew Johnson,Asia,2022-04-16,T00701,P008,2024-07-27 5:05:37,2,293.7,146.85,3
C0175,Matthew Johnson,Asia,2022-04-16,T00778,P077,2024-07-18 11:21:41,4,1062.04,265.51,5
C0176,Nicole Booth,North America,2022-03-23,T00037,P087,2024-03-09 4:58:40,4,1160.68,290.17,1
C0176,Nicole Booth,North America,2022-03-23,T00234,P090,2024-07-07 23:53:12,4,661.2,165.3,2
C0176,Nicole Booth,North America,2022-03-23,T00890,P071,2024-02-02 14:46:36,4,509.44,127.36,2
C0177,Julia Kelly,Asia,2024-06-01,T00040,P030,2024-06-27 19:13:16,4,1111.44,277.86,5
C0177,Julia Kelly,Asia,2024-06-01,T00055,P072,2024-06-12 20:54:36,2,798.68,399.34,3
C0177,Julia Kelly,Asia,2024-06-01,T00108,P055,2024-11-04 3:30:07,1,128.53,128.53,3
C0177,Julia Kelly,Asia,2024-06-01,T00582,P028,2024-08-05 22:39:54,2,471.16,235.58,3
C0178,Carol Williams,Asia,2023-11-19,T00795,P061,2024-12-21 0:45:52,1,156.96,156.96,3
C0178,Carol Williams,Asia,2023-11-19,T00752,P084,2024-04-25 22:21:27,4,1351.64,337.91,5
C0178,Carol Williams,Asia,2023-11-19,T00242,P003,2024-10-08 6:27:20,1,44.12,44.12,3
C0178,Carol Williams,Asia,2023-11-19,T00525,P019,2024-10-21 20:29:28,3,1156.11,385.37,5
C0179,Donald Miller,Europe,2022-10-16,T00296,P022,2024-07-23 9:15:48,3,412.62,137.54,4
C0179,Donald Miller,Europe,2022-10-16,T00377,P059,2024-01-22 19:36:33,1,303.2,303.2,6
C0179,Donald Miller,Europe,2022-10-16,T00320,P032,2024-04-06 16:23:53,3,1465.89,488.63,5
C0179,Donald Miller,Europe,2022-10-16,T00954,P088,2024-10-10 4:15:26,4,1054.2,263.55,5
C0179,Donald Miller,Europe,2022-10-16,T00586,P093,2024-08-31 22:33:10,1,304.94,304.94,6
C0179,Donald Miller,Europe,2022-10-16,T00373,P082,2024-02-07 20:28:19,2,111.98,55.99,6
C0181,Alexander Barker,South America,2023-11-16,T00926,P054,2024-08-16 2:29:10,3,171.9,57.3,2
C0181,Alexander Barker,South America,2023-11-16,T00374,P038,2024-12-27 17:31:24,2,294.44,147.22,0
C0181,Alexander Barker,South America,2023-11-16,T00770,P050,2024-09-16 21:24:16,2,875.3,437.65,0
C0181,Alexander Barker,South America,2023-11-16,T00181,P006,2024-07-21 3:18:31,4,485.28,121.32,2
C0181,Alexander Barker,South America,2023-11-16,T00706,P002,2024-07-01 0:11:31,3,1038.9,346.3,1
C0181,Alexander Barker,South America,2023-11-16,T00502,P045,2024-04-12 14:44:42,1,481.78,481.78,0
C0182,Joshua Preston,Europe,2024-12-28,T00655,P061,2024-04-28 2:14:05,4,627.84,156.96,5
C0182,Joshua Preston,Europe,2024-12-28,T00687,P021,2024-03-31 22:56:31,4,1343.36,335.84,5
C0182,Joshua Preston,Europe,2024-12-28,T00173,P097,2024-05-09 17:32:28,4,1277.36,319.34,5
C0182,Joshua Preston,Europe,2024-12-28,T00903,P020,2024-01-29 19:25:10,4,1585.36,396.34,5
C0182,Joshua Preston,Europe,2024-12-28,T00781,P008,2024-05-06 19:24:04,1,146.85,146.85,6
C0183,Kimberly Johnson,North America,2024-01-23,T00013,P057,2024-03-04 22:09:57,4,958.8,239.7,1
C0183,Kimberly Johnson,North America,2024-01-23,T00364,P062,2024-06-16 8:22:06,2,748.32,374.16,4
C0183,Kimberly Johnson,North America,2024-01-23,T00512,P081,2024-01-08 13:41:10,1,66.32,66.32,6
C0183,Kimberly Johnson,North America,2024-01-23,T00073,P052,2024-11-13 14:33:38,2,709.62,354.81,4
C0183,Kimberly Johnson,North America,2024-01-23,T00594,P083,2024-10-29 22:39:18,3,1367.16,455.72,1
C0184,Tina Jacobs,South America,2022-05-13,T00208,P087,2024-08-14 2:02:56,1,290.17,290.17,0
C0184,Tina Jacobs,South America,2022-05-13,T00485,P087,2024-05-13 14:33:44,1,290.17,290.17,0
C0184,Tina Jacobs,South America,2022-05-13,T00349,P023,2024-04-18 14:56:50,1,454.53,454.53,0
C0184,Tina Jacobs,South America,2022-05-13,T00236,P041,2024-02-25 14:08:11,1,456.28,456.28,0
C0184,Tina Jacobs,South America,2022-05-13,T00637,P040,2024-09-08 8:52:51,3,459.57,153.19,2
C0184,Tina Jacobs,South America,2022-05-13,T00831,P083,2024-05-19 18:25:44,2,911.44,455.72,0
C0184,Tina Jacobs,South America,2022-05-13,T00418,P077,2024-01-03 2:43:36,2,531.02,265.51,0
C0185,Kathleen Logan,North America,2023-10-17,T00030,P092,2024-08-20 5:30:54,3,1167.6,389.2,1
C0185,Kathleen Logan,North America,2023-10-17,T00763,P021,2024-04-14 23:09:04,3,1007.52,335.84,4
C0185,Kathleen Logan,North America,2023-10-17,T00548,P048,2024-01-06 22:00:35,3,1249.2,416.4,1
C0186,Amber Alexander,Asia,2023-10-11,T00589,P041,2024-10-23 16:42:32,1,456.28,456.28,3
C0186,Amber Alexander,Asia,2023-10-11,T00704,P040,2024-06-21 7:59:57,4,612.76,153.19,5
C0186,Amber Alexander,Asia,2023-10-11,T00717,P002,2024-09-21 5:32:31,2,692.6,346.3,3
C0187,Kayla Kelly,South America,2024-08-02,T00833,P068,2024-01-09 11:36:08,3,1341.69,447.23,1
C0187,Kayla Kelly,South America,2024-08-02,T00397,P009,2024-07-04 5:29:36,1,325.01,325.01,0
C0187,Kayla Kelly,South America,2024-08-02,T00870,P018,2024-05-02 14:16:38,4,1747.56,436.89,1
C0187,Kayla Kelly,South America,2024-08-02,T00247,P080,2024-10-12 8:20:33,1,303.5,303.5,0
C0187,Kayla Kelly,South America,2024-08-02,T00708,P094,2024-02-12 17:27:50,2,894.68,447.34,0
C0188,Anna Ball,South America,2022-05-17,T00442,P067,2024-12-26 14:40:03,1,300.68,300.68,0
C0188,Anna Ball,South America,2022-05-17,T00184,P057,2024-05-13 7:24:49,2,479.4,239.7,0
C0188,Anna Ball,South America,2022-05-17,T00962,P057,2024-11-29 19:49:24,2,479.4,239.7,0
C0188,Anna Ball,South America,2022-05-17,T00221,P062,2024-02-28 14:14:44,4,1496.64,374.16,1
C0188,Anna Ball,South America,2022-05-17,T00694,P076,2024-06-30 8:52:10,4,1717.16,429.29,1
C0188,Anna Ball,South America,2022-05-17,T00481,P022,2024-08-30 20:51:44,3,412.62,137.54,2
C0188,Anna Ball,South America,2022-05-17,T00782,P075,2024-08-27 5:49:59,3,1493.28,497.76,1
C0188,Anna Ball,South America,2022-05-17,T00464,P046,2024-05-16 11:23:37,2,732.14,366.07,0
C0189,Sherri Dixon,North America,2024-01-22,T00401,P085,2024-11-11 16:53:21,3,1249.05,416.35,1
C0189,Sherri Dixon,North America,2024-01-22,T00042,P025,2024-12-21 2:16:46,2,569.24,284.62,4
C0189,Sherri Dixon,North America,2024-01-22,T00092,P081,2024-04-15 1:10:23,3,198.96,66.32,2
C0189,Sherri Dixon,North America,2024-01-22,T00095,P093,2024-09-13 18:57:35,2,609.88,304.94,4
C0189,Sherri Dixon,North America,2024-01-22,T00996,P056,2024-01-31 19:34:22,1,16.08,16.08,6
C0190,Alexander Lowe,South America,2024-05-31,T00046,P057,2024-07-28 6:29:59,4,958.8,239.7,1
C0190,Alexander Lowe,South America,2024-05-31,T00808,P054,2024-07-06 0:13:42,4,229.2,57.3,2
C0190,Alexander Lowe,South America,2024-05-31,T00515,P078,2024-12-14 0:46:19,1,41.18,41.18,0
C0190,Alexander Lowe,South America,2024-05-31,T00368,P016,2024-05-16 9:05:38,4,1320.2,330.05,1
C0190,Alexander Lowe,South America,2024-05-31,T00835,P029,2024-12-16 9:49:40,1,433.64,433.64,0
C0191,Samantha Gibson DVM,South America,2024-04-07,T00533,P062,2024-07-12 10:33:55,4,1496.64,374.16,1
C0191,Samantha Gibson DVM,South America,2024-04-07,T00995,P040,2024-06-04 6:32:15,4,612.76,153.19,2
C0191,Samantha Gibson DVM,South America,2024-04-07,T00130,P088,2024-08-15 13:06:00,1,263.55,263.55,0
C0191,Samantha Gibson DVM,South America,2024-04-07,T00449,P001,2024-12-12 12:17:38,1,169.3,169.3,0
C0191,Samantha Gibson DVM,South America,2024-04-07,T00313,P083,2024-04-23 6:38:57,1,455.72,455.72,0
C0192,Sarah Arias,South America,2022-09-15,T00372,P010,2024-07-22 10:55:09,1,350.13,350.13,0
C0192,Sarah Arias,South America,2022-09-15,T00256,P039,2024-07-30 12:47:07,3,1291.77,430.59,1
C0192,Sarah Arias,South America,2022-09-15,T00056,P016,2024-02-07 14:37:55,1,330.05,330.05,0
C0192,Sarah Arias,South America,2022-09-15,T00077,P063,2024-06-15 17:12:53,3,100.77,33.59,2
C0193,Douglas Torres,Asia,2023-02-03,T00930,P040,2024-05-27 9:32:58,2,306.38,153.19,3
C0193,Douglas Torres,Asia,2023-02-03,T00945,P007,2024-05-22 21:58:39,3,1260.45,420.15,5
C0193,Douglas Torres,Asia,2023-02-03,T00029,P068,2024-02-12 3:10:36,3,1341.69,447.23,5
C0193,Douglas Torres,Asia,2023-02-03,T00216,P063,2024-03-22 19:50:03,3,100.77,33.59,3
C0194,Stacy Cook,North America,2024-05-04,T00010,P053,2024-03-14 11:55:39,1,274.94,274.94,6
C0194,Stacy Cook,North America,2024-05-04,T00448,P069,2024-10-22 8:13:50,2,201.62,100.81,6
C0194,Stacy Cook,North America,2024-05-04,T00414,P022,2024-03-31 3:46:52,3,412.62,137.54,2
C0194,Stacy Cook,North America,2024-05-04,T00113,P090,2024-08-26 15:16:49,1,165.3,165.3,6
C0194,Stacy Cook,North America,2024-05-04,T00133,P083,2024-09-26 23:48:07,3,1367.16,455.72,1
C0194,Stacy Cook,North America,2024-05-04,T00858,P012,2024-08-18 0:51:18,1,159.6,159.6,6
C0194,Stacy Cook,North America,2024-05-04,T00483,P005,2024-05-08 22:54:06,3,1287.93,429.31,1
C0195,Jeremy Mclaughlin,South America,2024-09-17,T00490,P067,2024-11-24 11:49:48,3,902.04,300.68,1
C0195,Jeremy Mclaughlin,South America,2024-09-17,T00990,P084,2024-08-18 21:30:57,2,675.82,337.91,0
C0195,Jeremy Mclaughlin,South America,2024-09-17,T00897,P047,2024-04-30 14:23:08,3,477.99,159.33,2
C0195,Jeremy Mclaughlin,South America,2024-09-17,T00188,P059,2024-05-21 3:08:56,3,909.6,303.2,1
C0195,Jeremy Mclaughlin,South America,2024-09-17,T00189,P033,2024-04-05 4:56:24,2,128.5,64.25,0
C0195,Jeremy Mclaughlin,South America,2024-09-17,T00736,P028,2024-03-05 10:46:53,4,942.32,235.58,1
C0196,Laura Watts,Europe,2022-06-07,T00606,P018,2024-08-06 14:37:15,3,1310.67,436.89,5
C0196,Laura Watts,Europe,2022-06-07,T00212,P020,2024-12-03 12:54:48,4,1585.36,396.34,5
C0196,Laura Watts,Europe,2022-06-07,T00274,P079,2024-08-28 19:56:53,1,417.37,417.37,6
C0196,Laura Watts,Europe,2022-06-07,T00575,P079,2024-12-15 3:43:35,4,1669.48,417.37,5
C0197,Christina Harvey,Europe,2023-03-21,T00100,P084,2024-05-08 15:48:20,3,1013.73,337.91,4
C0197,Christina Harvey,Europe,2023-03-21,T00803,P013,2024-01-13 4:52:09,4,456.8,114.2,2
C0197,Christina Harvey,Europe,2023-03-21,T00951,P027,2024-12-27 18:20:31,2,458.12,229.06,4
C0198,Rebecca Ray,Europe,2022-02-27,T00583,P073,2024-10-04 18:31:12,1,26.99,26.99,6
C0198,Rebecca Ray,Europe,2022-02-27,T00145,P064,2024-09-29 16:14:59,2,904.84,452.42,4
C0199,Andrea Jenkins,Europe,2022-12-03,T00001,P067,2024-08-25 12:38:23,1,300.68,300.68,6
C0199,Andrea Jenkins,Europe,2022-12-03,T00761,P022,2024-10-01 5:57:09,4,550.16,137.54,2
C0199,Andrea Jenkins,Europe,2022-12-03,T00626,P079,2024-08-17 12:06:08,2,834.74,417.37,4
C0199,Andrea Jenkins,Europe,2022-12-03,T00963,P008,2024-10-26 0:01:58,2,293.7,146.85,6
C0200,Kelly Cross,Asia,2023-06-11,T00518,P034,2024-12-11 3:05:50,4,868.2,217.05,5
C0200,Kelly Cross,Asia,2023-06-11,T00091,P057,2024-04-27 19:06:20,1,239.7,239.7,3
C0200,Kelly Cross,Asia,2023-06-11,T00731,P061,2024-07-15 20:36:28,4,627.84,156.96,5
C0200,Kelly Cross,Asia,2023-06-11,T00771,P048,2024-09-10 9:50:48,4,1665.6,416.4,5
C0200,Kelly Cross,Asia,2023-06-11,T00889,P064,2024-10-03 4:33:16,3,1357.26,452.42,5
